Species,Cohort,MATRR ID,Date of BC,Timepoint,State,TP:,ALB:,ALKP:,ALT:,AST:,GGT:,TBIL:,GLU:,BUN:,CREA:,K:,NA:,CL:,Ca:,PHOS:,Fe:,CHOL:,LDH:,TRIG:,A/G ratio:,DBIL:,Glob:,Amyl:,MG:,WBC:,NEUT%:,BAND%:,LY%,MONO%:,EOS%:,BASO%:,HCT:,HGB:,RBC:,MCV:,MCH:,MCHC:,PLT:,phase,months_diff,mky_gender,mky_weight,drinking_category
cyno,2,10016,2006-03-27,H2O induction,sedated,7,4.2,167.0,45.0,50.0,62.0,0.4,54.0,23.0,1.5,4.6,148.0,111.0,9.5,2.9,83.0,136.0,485,127.0,1.5,0.1,2.8,,,10.7,32.6,0.0,57.7,5.4,3.5,0.8,42.8,13.9,5.73,75.0,24.3,32.5,378.0,before,6,M,8.18,LD
cyno,2,10016,2006-10-26,open access 1,sedated,7.9,4.6,84.0,37.0,38.0,70.0,0.5,36.0,16.0,1.5,4.8,152.0,108.0,9.8,3.8,124.0,171.0,503,421.0,1.4,0.1,3.3,,,9.5,53.1,0.0,39.2,5.0,2.2,0.5,42.5,13.7,5.66,75.0,24.2,32.2,446.0,after,6,M,8.18,LD
cyno,2,10018,2006-03-27,H2O induction,sedated,6.6,3.8,94.0,30.0,52.0,51.0,0.5,65.0,16.0,1.0,4.3,145.0,109.0,9.1,4,103.0,74.0,616,31.0,1.4,0.1,2.8,,,7.8,40.1,0.0,49.8,6.5,3.0,0.6,35.6,11.5,4.54,78.0,25.3,32.3,378.0,before,6,M,7.38,LD
cyno,2,10018,2006-10-26,open access 1,sedated,7.3,4.4,80.0,18.0,36.0,61.0,0.6,54.0,11.0,0.8,4.1,150.0,107.0,9.2,5.1,140.0,110.0,298,198.0,1.5,0.1,2.9,,,5.9,44.6,0.0,49.4,4.1,1.3,0.6,39.7,12.8,5.02,79.0,25.5,32.2,749.0,after,6,M,7.38,LD
cyno,2,10019,2006-03-27,H2O induction,sedated,6.5,4.1,118.0,40.0,44.0,27.0,0.1,66.0,15.0,1.0,4.2,151.0,104.0,9.1,3.3,127.0,86.0,800,29.0,1.7,0,2.4,,,9.8,44.5,0.0,48.7,4.8,1.3,0.7,36.5,12.0,5.05,72.0,23.8,32.9,338.0,before,6,M,7.92,LD
cyno,2,10019,2006-10-26,open access 1,sedated,6.8,4.3,80.0,31.0,34.0,37.0,0.3,53.0,14.0,0.9,3.7,146.0,105.0,9.5,6,199.0,114.0,455,80.0,1.7,0,2.5,,,6.5,43.3,0.0,50.7,4.2,1.2,0.6,38.7,12.6,5.19,74.0,24.3,32.6,387.0,after,6,M,7.92,LD
cyno,2,10020,2006-03-27,H2O induction,sedated,6.4,4.0,179.0,47.0,34.0,46.0,0.2,85.0,17.0,1.4,3.7,152.0,113.0,9.3,4.2,65.0,114.0,493,25.0,1.7,0,2.4,,,5.6,38.4,0.0,56.5,4.0,0.5,0.6,35.4,11.9,5.0,71.0,23.8,33.6,350.0,before,6,M,7.58,VHD
cyno,2,10020,2006-10-26,open access 1,sedated,7,4.3,213.0,27.0,41.0,52.0,0.4,66.0,91.0,0.6,3.7,149.0,105.0,9.1,6.4,164.0,161.0,452,83.0,1.6,0.1,2.7,,,4.4,39.8,0.0,53.8,5.5,0.5,0.4,36.5,11.7,5.01,73.0,23.4,32.1,608.0,after,6,M,7.58,VHD
cyno,2,10021,2006-03-27,H2O induction,sedated,6.2,3.9,185.0,47.0,35.0,62.0,0.1,55.0,12.0,1.0,3.6,149.0,109.0,8.9,3.2,98.0,94.0,541,38.0,1.7,0,2.3,,,13.3,68.8,0.0,26.0,3.7,0.7,0.8,35.4,11.5,4.77,74.0,24.1,32.5,376.0,before,6,M,7.86,LD
cyno,2,10021,2006-10-26,open access 1,sedated,6.6,4.1,134.0,25.0,38.0,72.0,0.5,58.0,14.0,0.8,3.9,147.0,105.0,8.5,6.9,175.0,158.0,447,485.0,1.6,0.1,2.5,,,6.2,53.3,0.0,39.1,3.0,2.4,2.2,34.9,11.7,4.79,73.0,24.4,33.5,513.0,after,6,M,7.86,LD
cyno,2,10022,2006-03-27,H2O induction,sedated,6.8,4.0,87.0,62.0,77.0,41.0,0.4,59.0,24.0,1.3,4.4,146.0,109.0,9.6,3.6,75.0,60.0,546,91.0,1.4,0.1,2.8,,,10.8,41.0,0.0,53.2,3.0,2.0,0.8,36.6,11.9,4.95,74.0,24.0,32.5,320.0,before,6,M,8.0,LD
cyno,2,10022,2006-10-26,open access 1,sedated,7.3,4.4,80.0,25.0,30.0,51.0,0.5,55.0,14.0,1.0,4.6,151.0,106.0,10,5.2,172.0,116.0,391,217.0,1.5,0.1,2.9,,,6.9,39.3,0.0,55.7,3.2,1.1,0.7,39.7,12.7,5.15,77.0,24.7,32.0,549.0,after,6,M,8.0,LD
cyno,2,10023,2006-03-27,H2O induction,sedated,7,4.2,82.0,39.0,45.0,43.0,0.2,52.0,24.0,1.2,4.9,146.0,109.0,9.8,3.8,76.0,72.0,1013,96.0,1.5,0,2.8,,,8.6,44.2,0.0,46.9,5.2,3.0,0.7,39.6,13.0,5.12,77.0,25.4,32.8,424.0,before,6,M,8.74,LD
cyno,2,10023,2006-10-26,open access 1,sedated,7.6,4.3,62.0,23.0,40.0,55.0,0.6,52.0,15.0,1.0,4.6,148.0,105.0,9.6,4.4,206.0,98.0,901,207.0,1.3,0.1,3.3,,,8.9,62.6,0.0,31.4,3.8,1.7,0.5,41.5,13.4,5.25,79.0,25.5,32.3,693.0,after,6,M,8.74,LD
cyno,2,10024,2006-03-27,H2O induction,sedated,6.9,4.2,66.0,30.0,56.0,49.0,0.2,63.0,22.0,1.1,4.0,150.0,112.0,9.7,2.5,256.0,88.0,431,27.0,1.6,0,2.7,,,13.3,46.4,0.0,46.2,3.9,2.6,0.9,35.6,11.5,4.84,74.0,23.8,32.3,267.0,before,6,M,7.74,LD
cyno,2,10024,2006-10-26,open access 1,sedated,7.3,4.2,69.0,36.0,38.0,56.0,0.3,53.0,19.0,0.7,4.0,154.0,112.0,9.7,5.3,190.0,125.0,444,149.0,1.4,0,3.1,,,6.3,30.8,0.0,61.4,2.8,4.3,0.7,36.0,11.6,4.91,73.0,23.6,32.2,698.0,after,6,M,7.74,LD
cyno,2,10025,2006-03-27,H2O induction,sedated,6.2,3.6,90.0,39.0,37.0,26.0,0.1,60.0,20.0,1.3,4.8,145.0,110.0,9.2,4.1,159.0,100.0,324,40.0,1.4,0,2.6,,,6.4,55.0,0.0,37.6,4.0,3.0,0.4,37.5,11.9,4.88,77.0,24.4,31.7,394.0,before,6,M,8.8,LD
cyno,2,10025,2006-10-26,open access 1,sedated,6.7,3.9,108.0,24.0,33.0,32.0,0.2,59.0,14.0,1.0,4.6,148.0,109.0,9.2,4.9,159.0,146.0,488,64.0,1.4,0,2.8,,,5.1,52.5,0.0,39.4,3.4,4.2,0.5,38.7,12.4,5.06,76.0,24.5,32.0,452.0,after,6,M,8.8,LD
cyno,2,10026,2006-03-27,H2O induction,sedated,6.9,3.9,72.0,58.0,55.0,58.0,0.1,59.0,28.0,1.2,4.1,148.0,112.0,9.1,4.1,109.0,102.0,537,36.0,1.3,0,3,,,7.8,29.9,0.0,60.7,4.2,4.4,0.8,35.4,11.5,4.4,81.0,26.1,32.5,390.0,before,6,M,7.2,LD
cyno,2,10026,2006-10-26,open access 1,sedated,7.9,4.1,82.0,35.0,54.0,61.0,0.4,58.0,22.0,0.9,4.3,150.0,106.0,9.5,5.1,125.0,155.0,293,164.0,1.1,0.1,3.8,,,7.2,47.9,0.0,46.0,3.1,2.6,0.4,37.2,12.0,4.58,81.0,26.2,32.3,562.0,after,6,M,7.2,LD
cyno,2,10027,2006-03-27,H2O induction,sedated,6.7,3.8,175.0,54.0,78.0,40.0,0.2,66.0,20.0,1.0,3.8,148.0,107.0,9.3,3.6,175.0,108.0,505,31.0,1.3,0,2.9,,,8.2,48.3,0.0,44.3,4.2,2.6,0.6,36.8,12.0,5.03,73.0,23.9,32.6,305.0,before,6,M,7.4,LD
cyno,2,10027,2006-10-26,open access 1,sedated,6.9,3.9,122.0,22.0,35.0,42.0,0.3,54.0,19.0,1.2,4.1,151.0,106.0,9.6,3.5,135.0,114.0,191,308.0,1.3,0,3,,,11.2,60.5,0.0,32.7,4.2,1.9,0.7,43.0,13.7,5.74,75.0,23.9,31.9,697.0,after,6,M,7.4,LD
cyno,3,10032,2006-10-26,etoh induction,sedated,5.9,3.8,116.0,35.0,29.0,39.0,0.2,58.0,24.0,0.7,3.7,147.0,108.0,9.1,3.1,152.0,83.0,355,48.0,1.8,0,2.1,,,6.7,29.5,0.0,62.5,4.1,3.2,0.7,34.9,11.1,4.61,76.0,24.1,31.8,287.0,before,5,F,2.64,VHD
cyno,3,10032,2007-04-17,open access,sedated,5.8,3.5,125.0,44.0,32.0,44.0,0.3,54.0,17.0,0.7,3.3,145.0,104.0,8.8,3,127.0,111.0,484,63.0,1.5,0.1,2.3,,,6.1,28.1,0.0,65.4,4.0,1.8,0.7,35.6,11.3,4.58,78.0,24.7,31.7,314.0,after,5,F,2.64,VHD
cyno,3,10033,2006-10-26,etoh induction,sedated,6,4.0,183.0,16.0,35.0,49.0,0.3,54.0,14.0,0.6,3.8,148.0,110.0,9.1,5.1,88.0,126.0,602,42.0,2.0,0,2,,,8.3,32.0,0.0,60.5,4.2,2.0,1.3,35.7,11.4,4.88,73.0,23.4,31.9,710.0,before,5,F,3.7,
cyno,3,10033,2007-04-17,open access,sedated,6,3.7,151.0,18.0,28.0,44.0,0.2,59.0,102.0,0.6,3.4,144.0,106.0,9.5,4.4,127.0,153.0,588,51.0,1.6,0,2.3,,,7.8,36.3,0.0,55.0,4.0,3.6,1.1,37.5,12.1,5.12,73.0,23.6,32.3,417.0,after,5,F,3.7,
cyno,3,10035,2006-10-26,etoh induction,sedated,5.8,3.6,66.0,27.0,48.0,22.0,0.1,46.0,19.0,0.8,3.5,147.0,110.0,8.8,2,192.0,93.0,367,71.0,1.6,0,2.2,,,5.5,31.6,0.0,61.3,5.6,1.1,0.4,33.8,11.0,4.37,77.0,25.2,32.5,422.0,before,5,F,4.46,VHD
cyno,3,10035,2007-04-17,open access,sedated,5.9,3.5,93.0,16.0,40.0,26.0,0.3,40.0,13.0,0.9,2.9,143.0,103.0,9.1,3.7,248.0,138.0,505,195.0,1.5,0,2.4,,,6.6,21.6,0.0,69.9,5.8,2.1,0.6,36.9,11.9,4.6,80.0,25.9,32.2,374.0,after,5,F,4.46,VHD
cyno,3,10036,2006-10-26,etoh induction,sedated,6.1,3.8,126.0,45.0,43.0,44.0,0.2,62.0,17.0,0.7,3.9,147.0,107.0,8.9,6,77.0,91.0,481,37.0,1.7,0,2.3,,,5.6,22.1,0.0,72.7,3.4,1.2,0.6,34.4,11.2,4.44,77.0,25.2,32.6,758.0,before,5,F,3.57,VHD
cyno,3,10036,2007-04-17,open access,sedated,5.8,3.3,119.0,38.0,33.0,46.0,0.2,56.0,10.0,0.6,3.5,146.0,109.0,8.9,5.3,134.0,144.0,600,81.0,1.3,0,2.5,,,6.8,33.6,0.0,62.3,2.7,0.7,0.7,36.2,11.5,4.53,80.0,25.4,31.8,440.0,after,5,F,3.57,VHD
cyno,3,10038,2006-10-26,etoh induction,sedated,6,3.7,92.0,33.0,58.0,64.0,0.2,50.0,29.0,0.8,4.0,146.0,109.0,9,3,157.0,96.0,551,56.0,1.6,0,2.3,,,6.0,36.2,0.0,56.9,4.4,2.0,0.5,34.5,11.1,4.55,76.0,24.4,32.2,442.0,before,5,F,4.18,VHD
cyno,3,10038,2007-04-17,open access,sedated,5.5,3.4,106.0,30.0,42.0,72.0,0.1,48.0,22.0,0.8,3.5,145.0,105.0,8.7,4.2,176.0,120.0,430,135.0,1.6,0,2.1,,,5.6,31.6,0.0,63.2,3.6,1.1,0.5,35.4,11.4,4.57,77.0,24.9,32.2,386.0,after,5,F,4.18,VHD
cyno,3,10039,2006-10-26,etoh induction,sedated,6.5,4.0,137.0,27.0,39.0,53.0,0.4,48.0,20.0,0.8,3.8,144.0,105.0,8.8,3.8,115.0,138.0,592,45.0,1.6,0.1,2.5,,,4.5,35.2,0.0,58.3,3.3,2.7,0.5,37.7,11.8,4.61,82.0,25.6,31.3,338.0,before,11,F,5.14,BD
cyno,3,10039,2007-10-09,open access,sedated,6.1,3.9,179.0,27.0,52.0,51.0,0.3,40.0,13.0,0.9,3.6,147.0,106.0,9,3.6,70.0,196.0,957,416.0,1.8,0.1,2.2,,,6.3,43.5,0.0,50.4,2.5,3.0,0.6,39.2,12.8,4.84,81.0,26.4,32.7,405.0,after,11,F,5.14,BD
cyno,3,10040,2006-10-26,etoh induction,sedated,6.3,4.0,117.0,37.0,33.0,24.0,0.3,56.0,18.0,0.6,3.2,143.0,104.0,8.8,3.8,92.0,120.0,267,67.0,1.7,0,2.3,,,5.9,18.6,0.0,73.1,6.5,1.1,0.7,37.8,11.8,5.25,72.0,22.5,31.2,433.0,before,5,F,4.26,VHD
cyno,3,10040,2007-04-17,open access,sedated,6.3,3.8,143.0,34.0,41.0,30.0,0.2,46.0,11.0,0.6,3.1,145.0,104.0,9.4,4.5,95.0,182.0,682,173.0,1.5,0,2.5,,,5.0,16.3,0.0,77.2,4.6,1.2,0.7,37.9,12.2,5.27,72.0,23.1,32.2,266.0,after,5,F,4.26,VHD
cyno,3,10041,2006-10-26,etoh induction,sedated,5.4,3.7,187.0,24.0,37.0,45.0,0.2,46.0,25.0,0.6,3.1,149.0,105.0,8.5,3.1,137.0,112.0,487,33.0,2.2,0,1.7,,,8.6,62.0,0.0,32.9,3.0,1.5,0.6,34.5,10.9,4.48,77.0,24.3,31.6,394.0,before,5,F,3.36,VHD
cyno,3,10041,2007-04-17,open access,sedated,5.5,3.5,176.0,28.0,38.0,55.0,0.1,49.0,16.0,0.6,3.3,147.0,102.0,8.8,4.7,104.0,166.0,654,59.0,1.8,0,2,,,7.4,35.6,0.0,59.1,3.4,1.0,0.9,35.5,11.5,4.67,76.0,24.6,32.4,434.0,after,5,F,3.36,VHD
cyno,3,10042,2006-10-26,etoh induction,sedated,5.7,3.5,97.0,25.0,46.0,70.0,0.2,63.0,18.0,0.7,3.9,145.0,108.0,9.2,3.8,53.0,103.0,811,71.0,1.6,0,2.2,,,7.8,36.1,0.0,53.0,4.9,5.4,0.6,38.9,12.3,5.37,72.0,22.9,31.6,476.0,before,5,F,3.32,LD
cyno,3,10042,2007-04-17,open access,sedated,5.5,3.3,116.0,29.0,51.0,79.0,0.1,43.0,13.0,0.7,3.7,145.0,105.0,9.4,4.7,62.0,128.0,731,113.0,1.5,0,2.2,,,10.0,40.8,0.0,47.9,4.0,6.0,1.3,40.0,12.8,5.55,72.0,23.1,32.0,384.0,after,5,F,3.32,LD
cyno,3,10044,2006-10-26,etoh induction,sedated,6.6,3.8,151.0,24.0,30.0,60.0,0.2,65.0,16.0,0.8,3.9,149.0,109.0,9.2,3.9,141.0,80.0,398,34.0,1.4,0,2.8,,,8.3,40.4,0.0,52.2,5.3,1.4,0.7,35.8,11.4,4.94,72.0,23.1,31.8,760.0,before,5,F,3.14,VHD
cyno,3,10044,2007-04-17,open access,sedated,6.2,3.4,189.0,18.0,32.0,74.0,0.2,40.0,11.0,0.9,3.7,147.0,110.0,9.1,3.3,99.0,179.0,475,84.0,1.2,0,2.8,,,9.5,35.4,0.0,57.7,5.2,0.9,0.8,34.1,11.2,4.8,71.0,23.3,32.8,454.0,after,5,F,3.14,VHD
cyno,3,10045,2006-10-26,etoh induction,sedated,5.9,3.7,202.0,39.0,38.0,51.0,0.2,55.0,23.0,0.9,3.8,148.0,109.0,8.8,3.5,151.0,103.0,418,52.0,1.7,0,2.2,,,10.9,48.7,0.0,45.0,4.0,1.5,0.8,37.5,11.8,4.86,77.0,24.3,31.5,474.0,before,5,F,4.14,VHD
cyno,3,10045,2007-04-17,open access,sedated,6.5,3.7,189.0,27.0,44.0,56.0,0.2,47.0,11.0,0.7,3.6,150.0,107.0,9.3,5,105.0,100.0,641,81.0,1.3,0,2.8,,,7.4,30.5,0.0,63.1,3.8,2.0,0.6,33.4,10.9,4.41,76.0,24.7,32.6,471.0,after,5,F,4.14,VHD
rhesus,4,10048,2008-05-23,H2O induction,sedated,5.9,4.0,56.0,63.0,37.0,38.0,0.2,70.0,33.0,1.2,4.2,150.0,113.0,8.9,4,100.0,128.0,237,27.0,2.1,0,1.9,,,4.7,65.7,0.0,27.9,5.0,1.0,0.4,35.5,11.3,4.98,71.0,22.7,31.8,273.0,before,5,M,11.24,LD
rhesus,4,10048,2008-11-18,open access,sedated,6.3,4.6,54.0,35.0,29.0,50.0,0.3,54.0,17.8,1.0,4.0,154.0,121.0,9.6,5.2,161.0,162.0,304,33.0,2.7,0.1,1.7,,,4.1,59.9,0.0,33.0,5.5,1.0,0.6,38.2,12.1,5.33,72.0,22.7,31.7,327.0,after,5,M,11.24,LD
rhesus,4,10049,2008-05-23,H2O induction,sedated,5.9,3.6,70.0,42.0,38.0,33.0,0.3,64.0,28.0,1.1,4.0,148.0,115.0,8.5,3.5,148.0,106.0,270,38.0,1.6,0.1,2.3,,,4.9,38.2,0.0,54.0,5.0,2.2,0.6,39.0,12.8,5.49,71.0,23.3,32.8,227.0,before,5,M,10.1,HD
rhesus,4,10049,2008-11-18,open access,sedated,6.9,4.0,86.0,19.0,32.0,48.0,0.3,42.0,12.9,1.1,4.2,152.0,113.0,9.2,3.4,139.0,126.0,549,79.0,1.4,0.1,2.9,,,4.5,43.3,0.0,48.7,5.3,2.1,0.6,43.5,14.0,6.19,70.0,22.6,32.2,322.0,after,5,M,10.1,HD
rhesus,4,10051,2008-05-21,H2O induction,sedated,6.7,4.5,71.0,28.0,26.0,76.0,0.4,68.0,14.8,0.8,3.6,149.0,108.0,9.1,3.7,149.0,135.0,267,41.0,2.0,0.1,2.2,,,4.1,28.3,0.0,66.6,3.4,1.3,0.4,34.5,11.3,4.9,70.0,23.1,32.8,274.0,before,5,M,10.1,BD
rhesus,4,10051,2008-11-18,open access,sedated,6.9,4.7,63.0,20.0,29.0,51.0,0.3,59.0,12.5,0.9,3.9,155.0,111.0,9.4,3.6,193.0,133.0,423,118.0,2.1,0.1,2.2,,,2.9,28.2,0.0,64.7,5.4,1.2,0.5,36.1,12.0,5.07,71.0,23.7,33.2,288.0,after,5,M,10.1,BD
rhesus,4,10052,2008-05-21,H2O induction,sedated,6.1,3.9,89.0,23.0,24.0,49.0,0.2,63.0,21.7,1.1,3.8,149.0,111.0,8.9,3.8,145.0,86.0,222,23.0,1.8,0,2.2,,,6.7,61.1,0.0,33.7,3.6,1.2,0.4,35.6,11.5,4.72,75.0,24.4,32.3,286.0,before,5,M,7.84,LD
rhesus,4,10052,2008-11-18,open access,sedated,6.1,3.5,71.0,21.0,26.0,45.0,0.3,59.0,18.9,1.2,3.9,150.0,110.0,8.8,3.6,133.0,88.0,436,37.0,1.7,0.1,2.3,,,6.9,66.6,0.0,27.9,3.6,1.4,0.5,36.5,12.0,4.79,76.0,25.1,32.9,277.0,after,5,M,7.84,LD
rhesus,4,10054,2008-05-21,H2O induction,sedated,6.4,4.1,70.0,75.0,41.0,44.0,0.2,76.0,19.2,1.2,3.6,142.0,106.0,9.1,4.5,129.0,143.0,229,39.0,1.8,0,2.3,,,5.1,45.1,0.0,49.4,3.5,1.4,0.6,40.0,13.0,5.53,72.0,23.5,32.5,232.0,before,5,M,10.88,BD
rhesus,4,10054,2008-11-18,open access,sedated,6.6,4.3,75.0,19.0,33.0,36.0,0.3,57.0,18.3,1.3,3.8,150.0,105.0,9.3,3.6,175.0,157.0,450,118.0,1.9,0.1,2.3,,,5.0,47.1,0.0,46.9,4.3,1.2,0.5,41.2,13.5,5.5,75.0,24.5,32.8,265.0,after,5,M,10.88,BD
rhesus,4,10055,2008-05-21,H2O induction,sedated,5.9,3.6,108.0,44.0,23.0,60.0,0.2,64.0,43.4,1.1,4.5,148.0,113.0,8.8,3.5,183.0,118.0,115,34.0,1.6,0,2.3,,,4.8,34.4,0.0,60.9,3.2,0.8,0.7,38.1,12.5,5.45,70.0,22.9,32.8,332.0,before,5,M,9.24,LD
rhesus,4,10055,2008-11-18,open access,sedated,5.8,3.6,104.0,37.0,38.0,64.0,0.3,61.0,19.2,1.1,3.7,148.0,109.0,8.9,4,148.0,142.0,318,62.0,1.6,0.1,2.2,,,4.7,35.6,0.0,57.5,5.0,1.2,0.7,38.6,12.8,5.46,71.0,23.4,33.2,321.0,after,5,M,9.24,LD
rhesus,4,10056,2008-05-22,H2O induction,sedated,6.8,3.9,74.0,56.0,44.0,36.0,0.4,57.0,32.6,1.3,4.3,149.0,111.0,8.9,3.6,163.0,136.0,454,38.0,1.3,0.1,2.9,,,5.6,53.4,0.0,38.5,5.2,2.2,0.7,39.0,12.8,5.67,69.0,22.6,32.8,243.0,before,5,M,11.52,LD
rhesus,4,10056,2008-11-18,open access,sedated,7.1,4.4,76.0,30.0,32.0,40.0,0.3,57.0,27.1,1.4,4.0,153.0,113.0,9.5,3.5,161.0,129.0,454,78.0,1.6,0.1,2.7,,,5.8,56.4,0.0,36.5,4.8,1.7,0.6,39.5,13.2,5.57,71.0,23.7,33.4,309.0,after,5,M,11.52,LD
rhesus,4,10057,2008-05-26,H2O induction,sedated,6,4.1,110.0,17.0,22.0,81.0,0.2,75.0,15.3,0.9,3.7,145.0,112.0,8.9,3.6,141.0,123.0,188,31.0,2.2,0,1.9,,,5.0,37.3,0.0,55.9,4.5,1.8,0.5,37.9,12.2,5.16,73.0,23.6,32.2,311.0,before,5,M,9.02,BD
rhesus,4,10057,2008-11-18,open access,sedated,6.4,4.3,83.0,17.0,29.0,48.0,0.3,67.0,11.2,1.1,3.9,152.0,114.0,9.5,4.2,274.0,139.0,401,100.0,2.0,0.1,2.1,,,4.8,40.8,0.0,52.2,5.0,1.5,0.5,39.9,13.1,5.22,76.0,25.1,32.8,381.0,after,5,M,9.02,BD
rhesus,4,10058,2008-05-22,H2O induction,sedated,5.6,3.6,122.0,26.0,31.0,28.0,0.3,60.0,17.3,1.1,3.9,150.0,113.0,8.7,4.1,166.0,127.0,362,49.0,1.8,0.1,2,,,5.0,35.0,0.0,57.9,5.7,0.9,0.5,36.8,12.0,5.16,71.0,23.3,32.6,299.0,before,5,M,9.82,LD
rhesus,4,10058,2008-11-18,open access,sedated,6.4,4.1,77.0,15.0,28.0,36.0,0.3,71.0,9.9,1.2,4.3,152.0,113.0,8.9,4.5,222.0,127.0,535,69.0,1.8,0.1,2.3,,,5.1,48.1,0.0,42.5,7.8,1.1,0.5,38.1,12.6,5.17,74.0,24.4,33.1,364.0,after,5,M,9.82,LD
rhesus,4,10059,2008-05-21,H2O induction,sedated,6.7,4.8,221.0,108.0,35.0,76.0,0.2,76.0,23.0,1.0,4.1,150.0,111.0,9.5,4.1,159.0,113.0,139,26.0,2.5,0,1.9,,,5.7,52.2,0.0,44.8,1.6,0.9,0.5,36.6,12.1,5.1,72.0,23.7,33.1,371.0,before,5,M,8.44,BD
rhesus,4,10059,2008-11-18,open access,sedated,6.3,4.3,171.0,27.0,34.0,52.0,0.3,61.0,15.3,0.9,4.0,152.0,111.0,9.3,4.8,169.0,134.0,296,47.0,2.2,0.1,2,,,4.3,44.4,0.0,49.2,3.3,2.7,0.4,40.5,13.4,5.4,75.0,24.8,33.1,437.0,after,5,M,8.44,BD
rhesus,5,10060,2008-08-26,baseline,sedated,6.1,4.1,131.0,25.0,36.0,53.0,0.4,72.0,18.1,1.0,4.0,150.0,108.0,9.1,3.1,152.0,81.0,415,46.0,2.0,0.1,2.1,,,7.0,31.3,0.0,61.0,5.2,1.6,0.9,38.3,12.7,5.6,68.0,22.7,33.2,181.0,before,12,M,9.96,BD
rhesus,5,10060,2009-09-11,open access,,6.7,4.2,64.0,38.0,39.0,49.0,0.3,77.0,12.1,0.9,3.9,151.0,112.0,9.7,4.3,186.0,120.0,388,62.0,2.5,0.1,1.7,0,,5.4,43.6,0.0,48.2,6.6,1.2,0.4,39.3,13.1,5.57,70.0,23.5,33.3,304.0,after,12,M,9.96,BD
rhesus,5,10061,2009-01-30,etoh induction,,7.3,4.4,152.0,20.0,,,0.2,83.0,15.0,1.0,4.3,142.0,,9.8,3.2,,,,,,,2.9,354,,6.9,65.8,0.0,28.9,3.5,1.3,0.5,41.6,13.6,5.69,73.0,23.9,32.7,371.0,before,7,M,8.03,VHD
rhesus,5,10061,2009-09-11,open access,,7.2,4.2,129.0,19.0,34.0,61.0,0.2,56.0,9.5,0.7,3.8,151.0,107.0,9.3,4.8,145.0,142.0,352,138.0,1.4,,3,0,,6.2,34.3,0.0,57.1,7.0,1.0,0.6,41.5,14.0,5.65,73.0,24.8,33.7,442.0,after,7,M,8.03,VHD
rhesus,5,10062,2008-08-26,baseline,sedated,6.6,4.4,271.0,28.0,27.0,74.0,0.2,72.0,14.9,0.9,3.6,154.0,109.0,9.3,2.4,84.0,151.0,242,22.0,2.2,0,2,,,7.8,51.0,0.0,42.9,3.8,1.7,0.6,37.9,12.6,5.75,66.0,21.9,33.2,333.0,before,12,M,7.92,VHD
rhesus,5,10062,2009-09-11,open access,,7,4.4,124.0,60.0,87.0,93.0,0.2,48.0,14.3,0.8,4.3,152.0,112.0,9.5,4.6,173.0,161.0,246,100.0,1.7,0.1,2.6,0,,4.5,35.7,0.0,57.3,5.0,1.6,0.4,35.9,12.3,5.29,68.0,23.3,34.3,414.0,after,12,M,7.92,VHD
rhesus,5,10063,2008-10-29,H2O induction,,7.5,5.2,335.0,23.0,26.0,57.0,0.4,76.0,16.3,1.2,4.5,151.0,109.0,10.8,3.8,244.0,115.0,499,98.0,2.3,0.1,2.3,,,,,,,,,,,,,,,,,before,9,M,8.64,VHD
rhesus,5,10063,2009-08-14,open access,,7.4,4.8,236.0,77.0,,,0.14,69.0,20.0,0.52,4.5,122.0,84.0,,4.6,,,,,,,,,,,,,,,,,,,,,,,,after,9,M,8.64,VHD
rhesus,5,10064,2008-08-26,baseline,sedated,6.7,3.7,256.0,16.0,25.0,79.0,0.2,69.0,13.1,0.9,3.8,151.0,108.0,9.7,2.6,117.0,144.0,254,44.0,3.0,0,1.2,,,9.4,45.0,0.0,48.0,4.7,1.4,0.9,42.8,14.0,6.26,68.0,22.4,32.7,247.0,before,12,M,9.9,HD
rhesus,5,10064,2009-09-11,open access,,7.1,4.3,195.0,16.0,30.0,59.0,0.2,49.0,10.7,0.8,4.4,154.0,109.0,10,4.1,160.0,159.0,230,154.0,2.8,,1.5,0,,6.1,41.0,0.0,52.6,5.2,0.7,0.5,44.9,15.0,6.36,71.0,23.6,33.4,271.0,after,12,M,9.9,HD
rhesus,5,10065,2008-08-26,baseline,sedated,6.7,4.2,254.0,34.0,29.0,70.0,0.3,57.0,15.7,1.0,3.8,148.0,108.0,9.6,2.7,78.0,165.0,228,35.0,1.7,0,2.5,,,8.1,24.1,0.0,67.5,3.4,3.9,1.1,39.9,13.3,5.69,70.0,23.4,33.3,434.0,before,12,M,10.6,HD
rhesus,5,10065,2009-09-11,open access,,6.6,4.4,112.0,30.0,32.0,101.0,0.2,58.0,14.4,0.7,4.0,143.0,111.0,9.2,4.4,129.0,148.0,164,112.0,2.0,,2.2,0,,6.3,28.2,0.0,65.8,4.4,1.1,0.5,35.2,12.0,4.87,72.0,24.6,34.1,467.0,after,12,M,10.6,HD
rhesus,5,10066,2008-08-26,baseline,sedated,6.7,4.1,214.0,22.0,29.0,54.0,0.2,53.0,12.7,0.9,4.3,152.0,109.0,9.5,2.5,95.0,150.0,374,42.0,1.6,0,2.6,,,9.2,41.9,0.0,52.1,3.5,1.2,1.3,37.4,12.5,5.23,72.0,23.9,33.4,349.0,before,12,M,10.38,VHD
rhesus,5,10066,2009-09-11,open access,,7,4.4,120.0,20.0,33.0,47.0,0.2,62.0,12.2,0.9,4.4,155.0,113.0,9.6,4.7,130.0,125.0,414,108.0,1.7,,2.6,0,,9.6,60.5,0.0,34.4,3.0,1.5,0.6,38.8,13.0,5.12,76.0,25.4,33.5,480.0,after,12,M,10.38,VHD
rhesus,5,10067,2008-08-26,baseline,sedated,6.2,4.1,135.0,24.0,33.0,87.0,0.3,51.0,23.3,0.9,4.0,151.0,111.0,8.9,3.2,125.0,119.0,219,15.0,2.0,0,2.1,,,6.0,55.8,0.0,37.1,4.3,2.2,0.6,39.5,13.4,5.38,73.0,24.9,33.9,468.0,before,12,M,9.22,HD
rhesus,5,10067,2009-09-11,open access,,6.3,4.0,118.0,17.0,38.0,54.0,0.3,54.0,13.9,0.7,4.2,150.0,117.0,9.4,5.7,161.0,140.0,295,172.0,1.7,0.1,2.3,0,,5.0,42.7,0.0,47.8,7.5,1.6,0.4,38.9,13.1,4.97,78.0,26.4,33.7,577.0,after,12,M,9.22,HD
rhesus,6a,10069,2010-06-16,H2O induction,sedated,7.2,4.8,327.0,42.0,35.0,51.0,0.2,56.0,24.0,0.8,4.0,151.0,107.0,9.9,4.4,70.0,124.0,313,47.0,2.0,,2.4,,,,,,,,,,,,,,,,,before,6,F,5.16,VHD
rhesus,6a,10069,2010-12-22,open access,sedated,6.8,4.1,203.0,25.0,29.0,53.0,0.2,69.0,13.3,0.4,3.5,147.0,107.0,9.6,4.5,55.0,159.0,247,228.0,1.5,,2.7,,,7.8,56.9,,38.8,2.7,1.1,0.5,30.2,10.2,4.08,74.0,25.0,33.9,492.0,after,6,F,5.16,VHD
rhesus,6a,10070,2010-06-16,H2O induction,sedated,,,,,,,,,,,,,,,,,,,,,,,,,5.0,59.0,0.0,36.9,2.7,1.0,0.4,37.2,12.4,5.08,73.0,24.4,33.3,343.0,before,6,F,5.05,VHD
rhesus,6a,10070,2010-12-22,open access,sedated,6,4.0,170.0,12.0,27.0,35.0,0.2,83.0,17.6,0.4,3.3,146.0,110.0,9.8,6.4,30.0,144.0,189,33.0,2.0,,2,,,4.7,38.1,,57.2,3.3,0.7,0.7,31.5,10.4,4.23,74.5,24.7,33.1,463.0,after,6,F,5.05,VHD
rhesus,6b,10072,2011-12-06,pre-induction,sedated,6.3,3.8,99.0,28.0,30.0,48.0,0.4,66.0,13.4,0.8,4.0,159.0,120.0,8.9,2.2,236.0,135.0,378,40.0,1.5,0.1,2.5,,,6.5,47.5,,44.0,4.8,3.0,0.7,31.4,11.0,4.64,67.5,23.6,35.0,275.0,before,5,F,7.14,LD
rhesus,6b,10072,2012-05-30,open access,sedated,6.2,3.8,96.0,22.0,25.0,47.0,0.5,65.0,17.3,0.7,3.8,147.0,106.0,9.5,2.8,254.0,130.0,291,34.0,1.6,0.1,2.4,,,8.03,59.4,,33.7,3.8,2.2,0.9,34.77,11.7,4.91,70.88,23.9,33.7,292.0,after,5,F,7.14,LD
rhesus,6b,10073,2011-12-06,pre-induction,sedated,7.1,4.8,198.0,24.0,25.0,49.0,0.4,57.0,15.9,0.8,3.9,150.0,110.0,9.6,3,138.0,128.0,216,33.0,2.1,0.1,2.3,,,7.4,53.1,,36.1,3.2,7.0,0.6,32.2,11.2,4.82,66.8,23.2,34.8,429.0,before,5,F,6.34,VHD
rhesus,6b,10073,2012-05-30,open access,sedated,7.6,5.1,130.0,25.0,24.0,53.0,0.6,58.0,19.3,0.6,3.9,150.0,103.0,10.3,5.4,181.0,150.0,158,23.0,2.0,0.1,2.5,,,5.1,58.0,,34.8,4.2,2.7,0.3,32.87,11.35,4.77,68.91,23.8,34.5,486.0,after,5,F,6.34,VHD
rhesus,6b,10074,2010-12-22,baseline,sedated,6.2,3.8,312.0,20.0,26.0,56.0,0.2,75.0,14.7,0.7,3.6,148.0,108.0,9.6,6.4,41.0,136.0,264,55.0,1.6,,2.4,,,5.5,28.5,,64.0,5.8,1.1,0.6,35.0,11.7,5.07,69.0,23.1,33.5,439.0,before,5,F,6.64,LD
rhesus,6b,10074,2011-05-23,open access,sedated,6.1,3.9,276.0,36.0,,,0.05,150.0,16.0,0.73,6.0,114.0,84.0,,3.9,,,,,,,, ,,7.4,35.5,,54.2,8.8,0.8,0.7,33.9,11.5,4.95,68.6,23.2,33.8,386.0,after,5,F,6.64,LD
rhesus,6b,10075,2011-07-06,pre-induction,sedated,6.6,4.4,152.0,22.0,32.0,61.0,0.7,58.0,16.4,0.9,3.8,151.0,113.0,8.8,4.4,111.0,131.0,145,64.0,2.0,0.1,2.2, ,,7.3,50.1,,41.6,6.3,1.5,0.5,35.6,11.8,5.0,71.3,23.6,33.1,495.0,before,5,F,5.66,HD
rhesus,6b,10075,2011-12-06,open access,sedated,6.3,4.2,129.0,30.0,32.0,45.0,0.2,54.0,16.8,0.8,3.6,149.0,109.0,9,2.9,142.0,115.0,311,37.0,2.0,0.1,2.1,,,6.7,58.6,,32.9,6.3,1.8,0.4,29.9,10.5,4.41,67.7,23.8,35.1,378.0,after,5,F,5.66,HD
rhesus,6b,10077,2011-12-06,pre-induction,sedated,6.1,4.0,117.0,31.0,31.0,44.0,0.5,56.0,17.5,0.7,3.5,147.0,110.0,8.4,3.4,147.0,109.0,445,24.0,1.9,0.1,2.1,,,7.3,60.7,,33.1,3.5,2.3,0.4,32.3,11.2,4.65,69.4,24.0,34.6,345.0,before,5,F,6.82,LD
rhesus,6b,10077,2012-05-30,open access,sedated,6.4,4.4,99.0,16.0,22.0,54.0,0.7,56.0,14.7,0.7,3.4,146.0,103.0,9.6,4.9,147.0,112.0,303,23.0,2.2,0.1,2,,,7.03,39.0,,48.0,5.0,8.0,0.0,34.07,11.48,4.74,71.89,24.2,33.7,355.0,after,5,F,6.82,LD
rhesus,6a,10078,2010-06-16,H2O induction,sedated,,,,,,,,,,,,,,,,,,,,,,,,,7.8,59.3,0.0,35.0,3.8,1.2,0.7,39.1,13.0,5.71,69.0,22.8,33.2,324.0,before,6,F,5.5,VHD
rhesus,6a,10078,2010-12-22,open access,sedated,6,3.9,94.0,24.0,34.0,44.0,0.2,68.0,11.1,0.5,3.5,150.0,111.0,9.5,6.3,96.0,115.0,254,209.0,1.9,,2.1,,,7.5,42.2,,51.9,4.0,1.3,0.6,38.2,12.7,5.54,69.0,22.9,33.2,435.0,after,6,F,5.5,VHD
rhesus,6a,10079,2010-06-16,H2O induction,sedated,,,,,,,,,,,,,,,,,,,,,,,,,4.3,52.1,0.0,40.0,3.3,4.3,0.3,40.2,14.8,5.16,78.0,28.7,36.8,366.0,before,6,F,5.42,VHD
rhesus,6a,10079,2010-12-22,open access,sedated,6.3,3.8,167.0,20.0,28.0,37.0,0.1,67.0,10.0,0.6,3.7,153.0,113.0,9.9,4.6,78.0,120.0,272,52.0,1.5,,2.5,,,4.6,38.2,,52.8,6.9,1.5,0.6,38.1,12.9,4.92,77.4,26.2,33.8,436.0,after,6,F,5.42,VHD
rhesus,6a,10080,2010-06-16,H2O induction,sedated,6,4.2,148.0,33.0,34.0,49.0,0.1,60.0,20.0,0.7,3.8,146.0,106.0,9.3,4.1,58.0,116.0,331,38.0,2.3,,1.8,,,10.8,65.0,0.0,30.2,3.2,0.8,0.8,37.3,12.3,5.26,71.0,23.4,33.0,369.0,before,6,F,6.48,VHD
rhesus,6a,10080,2010-12-22,open access,sedated,6.3,4.0,118.0,22.0,40.0,42.0,0.3,53.0,10.1,0.5,3.8,151.0,112.0,9.9,5.7,14.0,132.0,334,141.0,1.7,0.1,2.3, ,,6.9,45.0,,48.3,4.9,1.1,0.7,35.6,11.8,5.02,70.8,23.5,33.1,226.0,after,6,F,6.48,VHD
rhesus,6a,10081,2010-06-16,H2O induction,sedated,6.5,4.5,271.0,22.0,28.0,36.0,0.2,59.0,15.0,0.7,3.9,152.0,112.0,9.9,3.8,123.0,132.0,278,37.0,2.3,,2,,,6.3,41.3,0.0,51.6,4.7,1.8,0.6,40.6,13.5,5.34,76.0,25.3,33.3,492.0,before,6,F,4.83,VHD
rhesus,6a,10081,2010-12-22,open access,sedated,6.4,3.9,376.0,20.0,31.0,48.0,0.2,55.0,13.8,0.9,3.5,149.0,110.0,10.3,4.8,92.0,133.0,243,179.0,1.6,0.1,2.5, ,,7.7,43.2,,49.7,5.2,1.0,0.9,40.0,13.4,5.25,76.2,25.5,33.5,514.0,after,6,F,4.83,VHD
rhesus,7b,10082,2011-05-17,1.0 g/kg etoh induction,sedated,6.3,4.2,217.0,34.0,46.0,56.0,0.4,68.0,23.1,1.0,3.8,148.0,111.0,9.5,3.5,178.0,153.0,180,27.0,2.0,,2.1,0,,6.1,54.5,,36.8,6.1,2.0,0.6,37.8,13.0,5.28,71.5,24.5,34.3,436.0,before,3,M,7.8,HD
rhesus,7b,10082,2011-09-14,open access,sedated,6.9,4.6,217.0,25.0,22.0,50.0,0.3,70.0,23.6,1.0,3.3,154.0,115.0,9,2.4,96.0,142.0,132,35.0,2.0,,2.3,0,,8.7,73.2,,19.0,6.6,0.8,0.4,38.7,13.0,5.32,72.8,24.4,33.6,417.0,after,3,M,7.8,HD
rhesus,7b,10083,2011-05-17,1.0 g/kg etoh induction,sedated,6.2,4.0,143.0,19.0,33.0,64.0,0.6,65.0,17.1,0.9,3.8,147.0,111.0,9.1,4.7,150.0,118.0,136,47.0,1.8,,2.2,0,,4.7,36.1,,58.1,3.5,2.0,0.3,35.1,12.0,4.94,71.1,24.2,34.1,391.0,before,3,M,8.52,LD
rhesus,7b,10083,2011-09-14,open access,sedated,7.1,4.5,107.0,16.0,15.0,68.0,0.3,78.0,11.2,0.8,4.1,153.0,114.0,9.2,4.8,167.0,143.0,113,61.0,1.7,,2.6,0,,5.3,54.5,,39.4,4.6,1.2,0.3,36.3,12.2,5.06,71.7,24.1,33.7,380.0,after,3,M,8.52,LD
rhesus,7b,10084,2011-05-17,1.0 g/kg etoh induction,sedated,6.8,4.6,304.0,22.0,41.0,62.0,0.4,73.0,22.6,0.7,4.3,148.0,110.0,9.4,6.9,165.0,124.0,376,70.0,2.1,,2.2,0,,6.3,47.1,,46.8,3.2,2.1,0.8,45.2,15.1,6.3,71.7,24.0,33.5,291.0,before,3,M,7.66,LD
rhesus,7b,10084,2011-09-14,open access,sedated,7,4.7,192.0,22.0,24.0,53.0,0.4,62.0,14.3,0.9,4.3,153.0,110.0,9.4,5.1,118.0,134.0,385,88.0,2.0,,2.3,0,,5.4,43.8,,48.8,5.6,1.2,0.6,44.4,14.6,6.12,72.5,23.9,32.9,254.0,after,3,M,7.66,LD
rhesus,7b,10085,2011-05-17,1.0 g/kg etoh induction,sedated,6.3,4.4,213.0,24.0,39.0,63.0,0.6,68.0,32.4,0.8,4.0,146.0,110.0,9.1,5.7,154.0,163.0,357,53.0,2.3,,1.9,0,,6.8,33.3,,59.3,6.2,0.7,0.5,34.6,11.7,5.02,68.9,23.2,33.7,550.0,before,3,M,7.66,LD
rhesus,7b,10085,2011-09-14,open access,sedated,6.7,4.8,136.0,26.0,25.0,54.0,0.2,52.0,23.5,0.9,4.0,153.0,109.0,9,5.3,112.0,175.0,287,55.0,2.5,,1.9,0,,8.1,61.6,,31.7,5.2,0.9,0.6,33.4,11.3,4.77,69.9,23.7,33.9,530.0,after,3,M,7.66,LD
rhesus,7b,10086,2011-05-17,1.0 g/kg etoh induction,sedated,6.2,4.3,121.0,22.0,38.0,58.0,0.6,56.0,34.6,0.9,3.6,148.0,108.0,9.5,4.5,147.0,127.0,187,42.0,2.3,,2.9,0,,6.2,34.0,,60.1,3.8,1.3,0.8,37.9,12.9,5.42,69.9,23.9,34.1,379.0,before,3,M,11.52,BD
rhesus,7b,10086,2011-09-14,open access,sedated,6.6,4.3,120.0,36.0,31.0,64.0,0.3,48.0,16.8,0.8,3.5,152.0,109.0,9.1,4.8,138.0,174.0,229,124.0,1.9,,2.3,0,,6.5,58.7,,34.8,4.5,1.0,1.0,36.5,12.5,5.12,71.3,24.5,34.4,401.0,after,3,M,11.52,BD
rhesus,7a,10087,2010-12-20,1.5 g/kg etoh induction,sedated,6.5,4.1,302.0,26.0,32.0,76.0,0.2,68.0,17.7,0.6,3.8,148.0,108.0,10,4.9,102.0,146.0,298,72.0,1.7,,2.4,0,,6.7,51.4,,43.3,3.3,1.3,0.7,34.4,11.2,5.08,67.8,22.1,32.6,394.0,before,4,M,8.22,BD
rhesus,7a,10087,2011-05-17,open access,sedated,6.9,4.4,300.0,23.0,42.0,129.0,0.6,68.0,15.8,0.8,3.8,148.0,108.0,9,7.5,151.0,174.0,275,69.0,1.8,,2.5,0,,6.0,39.4,,53.5,4.5,1.9,0.7,35.9,12.2,5.32,67.3,22.8,33.9,410.0,after,4,M,8.22,BD
rhesus,7a,10088,2010-12-20,1.5 g/kg etoh induction,sedated,6.7,3.9,465.0,12.0,37.0,56.0,0.2,56.0,17.4,0.7,3.7,149.0,107.0,10.3,7.9,639.0,116.0,343,47.0,1.4,,2.8,0,,5.3,53.0,,40.8,5.0,0.7,0.5,32.0,10.6,4.68,68.3,22.8,33.3,456.0,before,4,M,7.64,HD
rhesus,7a,10088,2011-05-17,open access,sedated,7.3,4.5,422.0,11.0,40.0,61.0,0.6,49.0,16.1,0.9,4.4,151.0,111.0,9.7,6.4,169.0,158.0,235,145.0,2.8,,1.6,0,,6.6,60.6,,33.3,4.8,0.8,0.5,35.7,12.1,5.21,68.5,23.2,33.9,539.0,after,4,M,7.64,HD
rhesus,7a,10089,2010-12-20,1.5 g/kg etoh induction,sedated,6.7,4.1,319.0,7.0,30.0,66.0,0.3,90.0,9.6,0.7,3.7,150.0,109.0,10.4,5.5,82.0,121.0,329,34.0,1.6,,2.6,0,,7.2,58.5,,35.3,4.4,1.4,0.4,38.5,12.9,5.81,66.3,22.2,33.5,538.0,before,4,M,8.4,LD
rhesus,7a,10089,2011-05-17,open access,sedated,6.4,4.1,399.0,9.0,31.0,77.0,0.6,69.0,14.7,1.1,3.6,148.0,111.0,9.4,6.2,91.0,132.0,154,58.0,1.8,,2.3,0,,6.2,49.2,,43.0,5.6,1.8,0.4,38.6,13.2,5.91,65.3,22.4,34.3,550.0,after,4,M,8.4,LD
rhesus,7a,10090,2010-12-20,1.5 g/kg etoh induction,sedated,6.7,4.3,360.0,19.0,22.0,53.0,0.3,67.0,25.2,0.7,3.7,151.0,110.0,10.2,6.5,192.0,127.0,409,66.0,1.8,,2.4,0,,5.5,39.1,,53.6,5.2,1.6,0.5,37.0,12.4,5.03,73.6,24.6,33.4,387.0,before,4,M,8.72,LD
rhesus,7a,10090,2011-05-17,open access,sedated,7,4.6,313.0,6.0,31.0,59.0,0.6,57.0,19.2,0.8,4.0,151.0,113.0,9.4,5.7,135.0,147.0,135,111.0,1.9,,2.4,0,,4.9,32.7,,60.7,4.5,1.5,0.6,37.2,12.7,5.11,72.7,24.8,34.1,414.0,after,4,M,8.72,LD
rhesus,7a,10091,2010-12-20,1.5 g/kg etoh induction,sedated,6.2,4.0,282.0,16.0,30.0,54.0,0.3,49.0,24.3,1.2,4.1,148.0,107.0,9.5,4.7,115.0,110.0,362,53.0,1.8,,2.2,0,,12.4,43.3,,40.6,2.7,12.3,1.1,35.1,11.9,5.26,66.7,22.6,33.8,382.0,before,4,M,9.3,VHD
rhesus,7a,10091,2011-05-17,open access,sedated,6.6,4.5,257.0,21.0,45.0,96.0,0.5,47.0,23.9,0.9,3.9,149.0,110.0,9,5.4,164.0,177.0,304,147.0,2.1,,2.1,0,,9.2,34.5,,61.1,2.7,1.0,0.7,35.7,12.2,5.47,65.2,22.2,34.1,450.0,after,4,M,9.3,VHD
rhesus,7a,10092,2010-12-20,1.5 g/kg etoh induction,sedated,6.2,4.3,277.0,30.0,36.0,36.0,0.3,107.0,15.6,0.9,3.6,148.0,108.0,10.1,4.8,138.0,149.0,397,69.0,2.3,,1.9,0,,8.3,52.6,,42.6,3.4,0.9,0.5,40.3,13.8,5.58,72.2,24.8,34.3,509.0,before,4,M,7.8,LD
rhesus,7a,10092,2011-05-17,open access,sedated,6.4,4.4,368.0,20.0,49.0,47.0,0.7,56.0,17.7,0.7,4.8,148.0,109.0,9.3,6.4,209.0,164.0,472,89.0,2.2,,2,0,,8.6,44.6,,49.8,3.7,1.2,0.7,41.5,14.3,5.67,73.2,25.2,34.5,523.0,after,4,M,7.8,LD
rhesus,7a,10097,2010-12-20,1.5 g/kg etoh induction,sedated,7.1,4.8,275.0,32.0,37.0,62.0,0.1,90.0,16.7,0.9,3.5,149.0,106.0,10.4,5.4,117.0,140.0,343,47.0,2.1,,2.3,0,,6.7,44.0,,51.3,2.7,1.5,0.5,34.6,11.7,4.79,72.2,24.4,33.8,408.0,before,4,M,8.14,HD
rhesus,7a,10097,2011-05-17,open access,sedated,6.9,4.7,292.0,16.0,45.0,78.0,0.6,72.0,16.3,0.9,3.5,149.0,109.0,9.3,4.8,101.0,166.0,227,51.0,2.1,,2.2,0,,6.0,43.7,,49.8,4.2,1.8,0.5,36.3,12.3,4.98,72.9,24.6,33.8,408.0,after,4,M,8.14,HD
rhesus,7a,10098,2010-12-20,1.5 g/kg etoh induction,sedated,6.6,4.2,310.0,32.0,27.0,62.0,0.2,69.0,21.9,0.7,4.1,150.0,110.0,9.9,6.8,100.0,148.0,303,55.0,1.8,,2.4,0,,4.0,49.1,,43.9,3.9,1.0,2.1,17.6,6.5,2.53,69.6,25.7,37.0,167.0,before,4,M,8.32,VHD
rhesus,7a,10098,2011-05-17,open access,sedated,7,4.6,275.0,25.0,41.0,85.0,0.8,63.0,27.1,0.8,4.1,150.0,111.0,9.4,6.7,146.0,196.0,161,219.0,1.9,,2.4,0,,4.8,25.8,,68.7,3.7,1.1,0.7,36.4,12.8,5.15,70.6,24.9,35.3,455.0,after,4,M,8.32,VHD
cyno,8,10099,2011-03-16,1.5 g/kg etoh induction,sedated,5.7,3.0,220.0,34.0,38.0,30.0,0.4,63.0,14.1,0.9,3.7,148.0,112.0,9.4,3.2,59.0,121.0,303,62.0,1.1,0.1,2.7,0,,14.0,50.6,,44.1,3.4,1.0,0.9,31.9,10.6,4.27,74.6,24.8,33.2,602.0,before,3,F,4.88,BD
cyno,8,10099,2011-07-13,open access,sedated,6.6,3.1,224.0,29.0,43.0,32.0,0.3,56.0,14.7,0.5,3.9,147.0,106.0,9,4.8,125.0,141.0,559,93.0,0.9,0.1,3.5,0,,10.1,39.6,,51.9,6.2,1.3,1.0,39.3,13.4,5.26,74.8,25.5,34.1,563.0,after,3,F,4.88,BD
cyno,8,10102,2011-03-16,1.5 g/kg etoh induction,sedated,5.9,3.9,96.0,45.0,37.0,23.0,0.4,59.0,19.8,0.6,3.7,149.0,111.0,10,3.2,75.0,219.0,472,12.0,2.0,0.1,2,0,,5.4,31.9,,63.0,3.6,0.9,0.6,30.2,9.9,4.06,74.2,24.3,32.7,531.0,before,3,F,4.68,LD
cyno,8,10102,2011-07-13,open access,sedated,6.2,3.8,93.0,88.0,61.0,26.0,0.3,61.0,23.5,0.9,3.5,148.0,108.0,8.9,3.5,99.0,212.0,570,30.0,1.6,0.1,2.4,0,,5.2,24.0,,70.5,3.0,1.8,0.7,32.7,10.7,4.42,73.9,24.2,32.8,291.0,after,3,F,4.68,LD
cyno,8,10104,2011-03-16,1.5 g/kg etoh induction,sedated,6,3.5,91.0,18.0,33.0,51.0,0.5,52.0,13.2,0.7,3.8,147.0,110.0,9,4.4,95.0,99.0,559,40.0,1.4,0.1,2.5,0,,11.3,44.2,,47.4,6.3,1.2,0.9,34.0,11.3,4.88,69.6,23.1,33.1,436.0,before,3,F,5.88,BD
cyno,8,10104,2011-07-13,open access,sedated,6.6,3.7,87.0,27.0,53.0,52.0,0.5,45.0,15.3,0.5,3.7,149.0,109.0,8.5,4.3,122.0,132.0,628,239.0,1.3,0.1,2.9,0,,8.3,32.3,,59.4,5.6,2.0,0.7,38.8,12.9,5.62,68.9,22.9,33.2,462.0,after,3,F,5.88,BD
rhesus,10,10208,2013-03-11,H2O induction,sedated,6.7,4.2,400.0,36.0,25.0,90.0,0.2,68.0,16.7,1.07,3.7,144.0,106.0,,4.9,,132.0,,36.0,,,,,1.76,3.51,53.3,,38.0,4.9,2.9,0.9,36.2,12.19,4.83,75.03,25.3,33.7,182.0,before,6,M,8.56,BD
rhesus,10,10208,2013-09-16,open access,awake,7.9,4.8,227.0,25.0,29.0,97.0,0.2,89.0,56.2,1.2,4.9,136.0,96.0,,5.1,,150.0,,67.0,,,,,2.13,11.86,54.1,,37.7,6.7,1.1,0.4,38.92,13.11,5.12,75.97,25.6,33.7,485.0,after,6,M,8.56,BD
rhesus,10,10209,2013-03-11,H2O induction,sedated,7.2,4.6,410.0,40.0,24.0,91.0,0.1,82.0,23.1,0.82,4.2,147.0,107.0,,3.8,,151.0,,43.0,,,,,1.93,6.67,46.1,,47.7,4.6,1.2,0.4,39.97,13.17,5.96,67.09,22.1,33.0,467.0,before,6,M,8.24,BD
rhesus,10,10209,2013-09-16,open access,awake,7.4,4.6,258.0,39.0,33.0,71.0,0.2,93.0,23.4,0.8,4.2,147.0,104.0,,4.8,,209.0,,96.0,,,,,1.93,9.44,55.0,,39.2,4.2,1.1,0.5,40.21,13.18,5.77,69.69,22.8,32.8,415.0,after,6,M,8.24,BD
rhesus,10,10210,2013-03-11,H2O induction,sedated,6.7,4.7,296.0,42.0,22.0,67.0,0.1,79.0,19.4,1.0,3.7,145.0,106.0,,5.1,,101.0,,31.0,,,,,1.42,4.79,29.0,,62.3,5.3,3.2,0.2,39.1,12.93,5.48,71.41,23.6,33.1,564.0,before,6,M,8.44,LD
rhesus,10,10210,2013-09-16,open access,awake,7.3,5.0,163.0,50.0,34.0,62.0,0.2,64.0,20.3,1.1,4.2,145.0,106.0,,4.3,,118.0,,70.0,,,,,1.74,7.77,53.3,,38.9,5.3,2.0,0.5,42.13,14.0,5.72,73.67,24.5,33.2,376.0,after,6,M,8.44,LD
rhesus,10,10211,2013-03-11,H2O induction,sedated,6.5,4.2,400.0,26.0,22.0,60.0,0.2,69.0,20.7,1.06,3.9,144.0,106.0,,5.2,,164.0,,33.0,,,,,1.6,4.68,22.4,,71.2,4.8,1.0,0.6,38.53,12.5,5.49,70.18,22.8,32.5,369.0,before,6,M,7.88,BD
rhesus,10,10211,2013-09-16,open access,awake,7.3,4.5,231.0,24.0,21.0,63.0,0.2,71.0,30.3,1.2,4.9,145.0,106.0,,4.3,,196.0,,62.0,,,,,2.1,5.58,32.2,,62.1,4.5,0.9,0.3,39.55,12.99,5.54,71.35,23.4,32.9,452.0,after,6,M,7.88,BD
rhesus,10,10212,2013-03-11,H2O induction,sedated,7.5,4.2,798.0,46.0,28.0,89.0,0.1,91.0,17.0,1.1,3.9,146.0,105.0,,5,,125.0,,48.0,,,,,1.63,7.3,54.1,,37.2,4.7,3.7,0.3,38.08,12.49,5.25,72.51,23.8,32.8,408.0,before,6,M,7.6,HD
rhesus,10,10212,2013-09-16,open access,awake,7.7,4.5,629.0,30.0,31.0,87.0,0.1,100.0,24.6,1.1,4.3,145.0,103.0,,4.4,,133.0,,104.0,,,,,1.93,6.47,35.7,,58.7,4.0,1.2,0.4,41.29,13.78,5.64,73.18,24.4,33.4,193.0,after,6,M,7.6,HD
rhesus,10,10213,2013-03-11,H2O induction,sedated,6.9,4.6,564.0,27.0,16.0,69.0,0.1,79.0,17.8,0.89,3.4,147.0,105.0,,3.9,,159.0,,30.0,,,,,1.86,4.31,45.6,,40.7,10.4,3.0,0.3,41.17,13.37,5.84,70.52,22.9,32.5,407.0,before,6,M,8.4,LD
rhesus,10,10213,2013-09-16,open access,awake,7.2,4.8,287.0,34.0,20.0,72.0,0.1,88.0,22.9,0.8,4.7,145.0,104.0,,5,,182.0,,42.0,,,,,2.04,6.07,37.0,,52.9,7.2,2.6,0.3,42.22,13.99,5.88,71.83,23.8,33.1,252.0,after,6,M,8.4,LD
rhesus,10,10214,2013-03-11,H2O induction,sedated,6.8,4.7,305.0,28.0,16.0,60.0,0.1,76.0,21.9,0.98,3.6,147.0,107.0,,4.6,,157.0,,19.0,,,,,1.88,7.06,35.1,,59.9,3.5,1.1,0.4,33.69,11.04,4.96,67.98,22.3,32.8,409.0,before,6,M,9.23,VHD
rhesus,10,10214,2013-09-16,open access,awake,7.4,4.9,218.0,25.0,18.0,55.0,0.2,64.0,20.2,0.9,4.0,147.0,108.0,,4.6,,179.0,,172.0,,,,,2.01,13.28,51.1,,42.7,4.3,1.3,0.6,33.95,11.27,4.84,70.11,23.3,33.2,382.0,after,6,M,9.23,VHD
rhesus,10,10215,2013-03-11,H2O induction,sedated,7.2,4.6,370.0,23.0,20.0,75.0,0.1,62.0,37.6,1.05,4.2,146.0,106.0,,5.2,,134.0,,23.0,,,,,1.86,3.78,41.2,,51.4,4.8,2.1,0.5,35.67,11.64,5.04,70.83,23.1,32.7,303.0,before,6,M,7.94,VHD
rhesus,10,10215,2013-09-16,open access,awake,7.8,4.9,251.0,25.0,21.0,63.0,0.2,88.0,40.1,1.0,4.7,140.0,100.0,,5.4,,180.0,,77.0,,,,,2.17,5.75,24.7,,65.9,7.9,0.9,0.6,40.82,13.73,5.67,71.95,24.2,33.6,342.0,after,6,M,7.94,VHD
rhesus,14,10242,2016-11-14,1.5 g/kg etoh induction,sedated,6.8,4.4,243.0,26.0,28.0,67.0,0.1,65.0,17.5,0.9,3.8,146.0,105.0,,5.3,,94.0,,36.0,,,,,2.06,9.75,,,,,,,38.9,12.4,5.23,74.44,23.72,31.87,362.0,before,3,M,10.74,VHD
rhesus,14,10242,2017-02-14,open access,sedated,7.3,4.8,249.0,34.0,38.0,81.0,0.2,60.0,17.0,0.8,3.8,148.0,110.0,,5.7,,134.0,,143.0,,,,,1.81,7.98,,,,,,,37.74,12.41,5.2,72.59,23.88,32.89,435.0,after,3,M,10.74,VHD
rhesus,14,10243,2016-11-14,1.5 g/kg etoh induction,sedated,6.9,4.5,472.0,35.0,31.0,77.0,0.1,70.0,20.4,0.6,3.5,147.0,109.0,,6.1,,124.0,,52.0,,,,,1.78,,,,,,,,,,,,,,,before,2,M,11.02,BD
rhesus,14,10243,2017-02-08,open access,sedated,6.4,4.3,605.0,32.0,29.0,84.0,0.2,68.0,16.4,0.5,3.6,143.0,108.0,,6.4,,115.0,,103.0,,,,,1.57,3.96,,,,,,,35.75,11.71,5.0,71.51,23.43,32.76,380.0,after,2,M,11.02,BD
rhesus,14,10244,2016-11-15,1.5 g/kg etoh induction,sedated,7.1,4.7,424.0,22.0,25.0,109.0,0.1,70.0,25.5,0.8,3.9,150.0,110.0,,5.2,,148.0,,34.0,,,,,2.04,7.53,,,,,,,42.68,13.9,5.91,72.26,23.53,32.57,333.0,before,3,M,10.46,HD
rhesus,14,10244,2017-02-16,open access,sedated,6.8,4.6,325.0,24.0,35.0,79.0,0.3,70.0,21.1,0.8,3.8,147.0,107.0,,5.9,,170.0,,76.0,,,,,1.74,11.51,,,,,,,38.33,12.68,5.39,71.11,23.53,33.09,374.0,after,3,M,10.46,HD
rhesus,14,10246,2016-11-15,1.5 g/kg etoh induction,sedated,6.7,4.5,326.0,21.0,29.0,60.0,0.2,73.0,17.1,1.0,3.9,148.0,109.0,,5.7,,131.0,,33.0,,,,,1.57,7.76,,,,,,,42.39,13.84,5.76,73.66,24.05,32.65,324.0,before,3,M,11.56,LD
rhesus,14,10246,2017-02-16,open access,sedated,6.6,4.4,258.0,21.0,23.0,54.0,0.2,78.0,17.6,0.8,3.8,145.0,107.0,,6.1,,145.0,,34.0,,,,,1.65,7.19,,,,,,,38.03,12.75,5.3,71.8,24.08,33.53,334.0,after,3,M,11.56,LD
rhesus,14,10247,2016-11-15,1.5 g/kg etoh induction,sedated,6.9,4.9,379.0,48.0,50.0,85.0,0.1,71.0,30.3,0.8,4.2,148.0,106.0,,5.1,,145.0,,43.0,,,,,1.77,6.31,,,,,,,39.48,12.72,5.9,66.87,21.55,32.22,277.0,before,3,M,10.06,HD
rhesus,14,10247,2017-02-16,open access,sedated,6.4,4.5,393.0,37.0,45.0,81.0,0.2,70.0,22.3,0.7,3.6,146.0,107.0,,6.2,,150.0,,118.0,,,,,1.7,5.88,,,,,,,37.53,12.29,5.63,66.69,21.84,32.74,305.0,after,3,M,10.06,HD
rhesus,14,10248,2016-11-16,1.5 g/kg etoh induction,sedated,7.3,4.8,300.0,28.0,23.0,72.0,0.1,68.0,46.0,0.8,4.3,143.0,104.0,,6.4,,226.0,,69.0,,,,,1.86,5.35,,,,,,,37.21,12.22,5.45,68.23,22.41,32.84,303.0,before,2,M,11.66,VHD
rhesus,14,10248,2017-02-08,open access,sedated,7.1,4.7,389.0,25.0,25.0,89.0,0.1,65.0,22.5,0.6,4.3,147.0,105.0,,5,,268.0,,114.0,,,,,1.82,6.5,,,,,,,37.5,12.72,5.57,67.3,22.82,33.91,286.0,after,2,M,11.66,VHD
rhesus,14,10249,2016-11-14,1.5 g/kg etoh induction,sedated,6.6,4.7,281.0,30.0,30.0,75.0,0.1,59.0,28.7,0.8,3.7,148.0,107.0,,5.3,,101.0,,45.0,,,,,2.05,5.15,,,,,,,36.9,11.85,5.18,71.2,22.87,32.12,236.0,before,3,M,10.22,HD
rhesus,14,10249,2017-02-14,open access,sedated,6.5,4.4,225.0,24.0,35.0,71.0,0.2,62.0,21.7,0.8,3.7,146.0,107.0,,5.6,,108.0,,65.0,,,,,1.8,4.69,,,,,,,35.92,11.68,5.02,71.56,23.26,32.5,346.0,after,3,M,10.22,HD
rhesus,14,10251,2016-11-14,1.5 g/kg etoh induction,sedated,6.9,4.7,603.0,26.0,32.0,94.0,0.1,76.0,21.1,0.6,3.5,149.0,107.0,,5.3,,128.0,,61.0,,,,,1.8,5.52,,,,,,,38.81,12.64,5.37,72.24,23.52,32.56,287.0,before,3,M,10.74,BD
rhesus,14,10251,2017-02-14,open access,sedated,6.6,4.5,637.0,25.0,31.0,103.0,0.1,66.0,21.1,0.6,3.3,150.0,111.0,,5,,136.0,,107.0,,,,,1.93,5.7,,,,,,,37.62,12.32,5.31,70.84,23.19,32.74,322.0,after,3,M,10.74,BD
rhesus,14,10252,2016-11-15,1.5 g/kg etoh induction,sedated,6.6,4.3,264.0,41.0,66.0,64.0,0.1,65.0,23.0,0.8,4.3,146.0,106.0,,4,,121.0,,70.0,,,,,1.88,6.7,,,,,,,41.54,13.56,5.75,72.2,23.57,32.65,339.0,before,2,M,9.84,VHD
rhesus,14,10252,2017-02-08,open access,sedated,6.3,3.9,350.0,33.0,37.0,85.0,0.2,58.0,18.3,0.7,3.5,148.0,110.0,,4.6,,139.0,,147.0,,,,,1.47,3.73,,,,,,,38.42,12.76,5.34,71.91,23.87,33.2,293.0,after,2,M,9.84,VHD
rhesus,16,10254,2018-11-01,1.5 g/kg etoh induction,sedated,5.9,3.7,129.0,19.0,31.0,30.0,0.1,49.0,15.8,0.5,3.7,145.0,110.0,,3.3,,152.0,,33.0,,,,,1.74,6.89,,,,,,,32.25,10.35,4.5,71.7,23.01,32.09,335.0,before,3,F,7.2,LD
rhesus,16,10254,2019-02-06,open access,sedated,7,3.9,149.0,18.0,39.0,41.0,0.1,67.0,14.7,0.6,4.1,146.0,109.0,,5.1,,198.0,,30.0,,,,,1.6,7.2,61.6,,32.1,4.3,1.6,0.4,39.1,12.7,5.55,70.0,22.9,32.5,380.0,after,3,F,7.2,LD
rhesus,16,10256,2018-11-01,1.5 g/kg etoh induction,sedated,6.9,4.4,302.0,51.0,70.0,53.0,0.1,39.0,16.7,0.5,4.0,145.0,111.0,,4.7,,123.0,,49.0,,,,,2.09,5.82,,,,,,,36.77,12.09,5.1,72.08,23.71,32.89,427.0,before,3,F,7.0,BD
rhesus,16,10256,2019-02-04,open access,awake,7.6,4.5,249.0,67.0,58.0,52.0,0.2,63.0,16.7,0.5,4.1,146.0,105.0,,4.8,,171.0,,94.0,,,,,2.1,6.5,35.5,,52.3,7.7,4.1,0.4,39.8,12.9,5.49,72.0,23.5,32.5,303.0,after,3,F,7.0,BD
rhesus,16,10257,2018-11-01,1.5 g/kg etoh induction,sedated,6.4,4.0,257.0,71.0,46.0,61.0,0.1,59.0,16.4,0.7,3.9,146.0,108.0,,6.5,,113.0,,33.0,,,,,1.8,12.64,,,,,,,34.22,11.13,4.49,76.14,24.77,32.53,313.0,before,3,F,5.9,VHD
rhesus,16,10257,2019-02-06,open access,sedated,7.4,4.1,296.0,49.0,45.0,63.0,0.2,58.0,12.5,0.6,4.3,147.0,109.0,,6.6,,163.0,,159.0,,,,,2.1,13.3,35.8,,56.8,5.6,1.2,0.6,38.2,12.3,4.99,77.0,24.7,32.2,451.0,after,3,F,5.9,VHD
rhesus,16,10258,2018-11-01,1.5 g/kg etoh induction,sedated,6.4,4.2,295.0,34.0,38.0,39.0,0.1,55.0,15.2,0.5,3.6,149.0,110.0,,3.8,,105.0,,35.0,,,,,1.75,4.97,,,,,,,30.79,10.17,4.06,75.89,25.07,33.03,326.0,before,3,F,5.0,LD
rhesus,16,10258,2019-02-04,open access,awake,7.8,4.9,334.0,41.0,30.0,46.0,0.2,64.0,16.9,0.5,3.9,148.0,107.0,,4.4,,132.0,,147.0,,,,,1.9,5.1,26.0,,68.0,3.8,1.9,0.3,38.1,12.3,4.93,77.0,25.0,32.4,329.0,after,3,F,5.0,LD
rhesus,16,10259,2018-11-01,1.5 g/kg etoh induction,sedated,6.2,3.8,316.0,25.0,29.0,54.0,0.1,54.0,19.6,0.5,3.6,147.0,108.0,,4.7,,126.0,,35.0,,,,,1.94,10.66,,,,,,,33.41,11.23,4.54,73.58,24.74,33.62,303.0,before,3,F,5.8,LD
rhesus,16,10259,2019-02-06,open access,sedated,6.7,3.9,354.0,22.0,32.0,54.0,0.1,60.0,21.2,0.5,4.1,148.0,112.0,,5,,161.0,,64.0,,,,,2.3,8.7,46.4,,47.4,2.8,2.8,0.6,37.1,12.0,5.01,74.0,24.0,32.5,373.0,after,3,F,5.8,LD
rhesus,16,10260,2018-11-01,1.5 g/kg etoh induction,sedated,6.9,4.4,84.0,49.0,44.0,81.0,0.1,56.0,16.7,1.0,4.1,149.0,107.0,,5.6,,159.0,,76.0,,,,,1.92,5.14,,,,,,,37.79,12.66,5.39,70.15,23.5,33.51,251.0,before,3,M,12.7,LD
rhesus,16,10260,2019-02-04,open access,awake,8.1,4.7,90.0,48.0,42.0,96.0,0.1,72.0,17.6,0.9,4.3,149.0,101.0,,5.2,,211.0,,180.0,,,,,2.1,7.8,53.0,1.0,29.2,4.2,5.0,0.3,41.3,13.6,5.89,70.0,23.0,32.9,359.0,after,3,M,12.7,LD
rhesus,16,10261,2018-11-01,1.5 g/kg etoh induction,sedated,7.1,4.5,188.0,57.0,61.0,89.0,0.1,41.0,20.0,0.9,,148.0,107.0,,5.8,,129.0,,34.0,,,,,1.99,5.89,,,,,,,37.07,12.34,5.21,71.22,23.7,33.27,458.0,before,3,M,12.6,BD
rhesus,16,10261,2019-02-06,open access,sedated,7.4,4.6,166.0,64.0,38.0,79.0,0.1,52.0,22.1,0.8,3.9,150.0,105.0,,6.5,,177.0,,101.0,,,,,2.1,7.1,50.5,,41.2,4.3,3.1,0.9,37.9,12.4,5.38,70.0,23.1,32.8,282.0,after,3,M,12.6,BD
rhesus,16,10262,2018-11-01,1.5 g/kg etoh induction,sedated,6.6,4.3,489.0,23.0,33.0,90.0,0.1,65.0,14.1,0.8,3.7,147.0,106.0,,6.8,,106.0,,65.0,,,,,1.64,4.73,,,,,,,36.1,11.84,4.98,72.45,23.77,32.8,311.0,before,3,M,11.6,HD
rhesus,16,10262,2019-02-06,open access,sedated,7.3,4.4,355.0,45.0,41.0,77.0,0.1,68.0,11.3,0.7,4.2,144.0,104.0,,4.1,,136.0,,86.0,,,,,1.9,7.6,34.6,,57.8,4.1,2.7,0.8,34.0,11.2,4.71,72.0,23.7,32.8,330.0,after,3,M,11.6,HD
rhesus,16,10263,2018-11-01,1.5 g/kg etoh induction,sedated,7.2,4.6,130.0,67.0,41.0,57.0,0.1,58.0,15.1,0.7,3.8,147.0,108.0,,5.3,,109.0,,61.0,,,,,1.82,7.88,,,,,,,37.67,12.64,4.98,75.61,25.37,33.56,396.0,before,3,M,13.1,BD
rhesus,16,10263,2019-02-04,open access,awake,7.7,4.4,154.0,60.0,34.0,70.0,0.1,61.0,15.5,0.6,4.5,143.0,109.0,,5.7,,149.0,,91.0,,,,,1.8,6.5,49.6,,43.0,5.2,2.0,0.2,40.9,13.6,5.47,75.0,24.8,33.2,230.0,after,3,M,13.1,BD
rhesus,16,10264,2018-11-01,1.5 g/kg etoh induction,sedated,7.1,4.2,412.0,49.0,45.0,55.0,0.2,58.0,14.8,0.7,,145.0,108.0,,6.3,,148.0,,66.0,,,,,1.72,6.17,,,,,,,38.93,12.84,5.18,75.17,24.79,32.97,288.0,before,3,M,13.4,BD
rhesus,16,10264,2019-02-06,open access,sedated,6.8,4.0,267.0,48.0,45.0,53.0,0.2,57.0,17.5,0.8,4.1,145.0,104.0,,5.8,,144.0,,61.0,,,,,1.9,6.8,35.4,,57.8,4.5,1.9,0.4,35.9,11.8,4.77,75.0,24.8,33.0,368.0,after,3,M,13.4,BD
rhesus,16,10265,2018-11-01,1.5 g/kg etoh induction,sedated,6.1,4.1,415.0,27.0,38.0,62.0,0.1,65.0,23.3,0.8,3.8,146.0,109.0,,7,,109.0,,43.0,,,,,1.78,4.86,,,,,,,38.73,12.71,5.49,70.52,23.14,32.82,250.0,before,3,M,13.8,VHD
rhesus,16,10265,2019-02-06,open access,sedated,6.6,4.3,372.0,23.0,32.0,71.0,0.2,69.0,21.4,0.8,3.9,145.0,105.0,,6.9,,136.0,,65.0,,,,,2.0,5.3,7.9,0.0,72.0,4.5,15.4,0.2,39.3,13.1,5.56,71.0,23.6,33.4,389.0,after,3,M,13.8,VHD
rhesus,17,10319,2021-01-08,1.5 g/kg etoh induction,sedated,7,4.2,130.0,71.0,65.0,68.0,0.1,62.0,13.2,0.5,3.5,142.0,108.0,,5,,113.0,,58.0,,,,,1.7,8.9,34.7,,56.5,6.1,1.5,1.2,36.8,12.0,5.02,73.0,24.0,32.7,404.0,before,7,F,8.96,LD
rhesus,17,10319,2021-08-10,open access,sedated,7.4,4.1,152.0,70.0,50.0,69.0,0.15,51.0,15.2,0.6,3.4,145.0,106.0,,5.3,,123.0,,85.0,,,,,1.8,11.5,44.2,,49.2,5.1,0.8,0.7,41.2,13.5,5.61,74.0,24.0,32.7,398.0,after,7,F,8.96,LD
rhesus,17,10320,2021-01-08,1.5 g/kg etoh induction,sedated,6.3,3.9,207.0,83.0,59.0,80.0,0.1,63.0,18.1,0.6,3.6,144.0,111.0,,4.3,,141.0,,49.0,,,,,1.5,4.6,40.2,,54.2,3.1,2.2,0.3,35.0,11.6,4.97,71.0,23.3,33.0,528.0,before,7,F,6.6,BD
rhesus,17,10320,2021-08-10,open access,sedated,6.8,4.3,206.0,54.0,41.0,82.0,0.11,79.0,16.3,0.6,3.5,145.0,107.0,,5,,151.0,,37.0,,,,,1.7,5.9,34.8,,59.9,3.5,1.5,0.3,37.4,12.3,5.32,70.0,23.1,32.8,549.0,after,7,F,6.6,BD
rhesus,17,10321,2021-01-08,1.5 g/kg etoh induction,sedated,7,4.9,225.0,35.0,45.0,63.0,0.1,71.0,48.0,0.9,3.7,145.0,108.0,,5.2,,130.0,,19.0,,,,,2.1,2.8,28.1,,64.4,5.4,1.7,0.4,39.6,13.0,5.05,78.0,25.7,32.8,346.0,before,7,M,9.44,LD
rhesus,17,10321,2021-08-13,open access,sedated,7.1,4.6,208.0,33.0,44.0,81.0,0.1,80.0,57.7,0.9,3.6,141.0,102.0,,5,,137.0,,57.0,,,,,2.0,5.1,22.0,,71.2,5.6,0.9,0.3,41.1,13.7,5.24,78.0,26.1,33.3,373.0,after,7,M,9.44,LD
rhesus,17,10322,2021-01-08,1.5 g/kg etoh induction,sedated,6.3,4.3,406.0,44.0,83.0,78.0,0.2,84.0,24.7,0.6,4.7,141.0,107.0,,6.6,,111.0,,40.0,,,,,1.8,8.8,16.9,,72.0,3.9,6.7,0.5,38.9,12.4,5.5,71.0,22.6,32.0,386.0,before,7,M,8.78,HD
rhesus,17,10322,2021-08-13,open access,sedated,6.6,4.4,416.0,32.0,41.0,70.0,0.12,70.0,18.1,0.6,3.7,143.0,107.0,,6.2,,114.0,,50.0,,,,,1.6,6.8,32.3,,62.4,3.8,1.0,0.5,38.5,12.6,5.42,71.0,23.3,32.9,406.0,after,7,M,8.78,HD
rhesus,17,10323,2021-01-08,1.5 g/kg etoh induction,sedated,7.2,4.1,124.0,92.0,79.0,61.0,0.2,65.0,12.1,0.5,3.6,145.0,111.0,,3.7,,151.0,,42.0,,,,,1.7,6.6,27.9,,62.7,6.1,2.4,0.9,39.7,12.9,4.98,80.0,25.9,32.4,311.0,before,7,F,8.74,HD
rhesus,17,10323,2021-08-10,open access,sedated,7.3,4.1,115.0,39.0,56.0,65.0,0.12,54.0,10.4,0.5,3.5,145.0,108.0,,3.9,,167.0,,72.0,,,,,1.8,9.1,56.2,,35.2,5.8,2.3,0.5,38.2,12.4,4.71,81.0,26.4,32.6,318.0,after,7,F,8.74,HD
rhesus,17,10324,2021-01-08,1.5 g/kg etoh induction,sedated,6.6,4.1,101.0,52.0,44.0,61.0,0.1,77.0,14.3,0.4,3.6,144.0,109.0,,4.5,,133.0,,36.0,,,,,1.8,7.2,52.9,,39.1,4.5,2.5,1.0,35.0,11.4,4.8,73.0,23.7,32.5,565.0,before,7,F,8.64,BD
rhesus,17,10324,2021-08-10,open access,sedated,7.4,4.2,95.0,59.0,54.0,54.0,0.14,83.0,14.8,0.5,3.8,142.0,102.0,,6.5,,175.0,,208.0,,,,,2.0,11.2,49.0,,43.2,5.9,1.2,0.7,39.4,12.8,5.3,74.0,24.1,32.5,695.0,after,7,F,8.64,BD
rhesus,17,10325,2021-01-08,1.5 g/kg etoh induction,sedated,6.4,4.1,123.0,30.0,33.0,48.0,0.2,75.0,14.5,0.8,3.6,144.0,106.0,,4.4,,142.0,,30.0,,,,,1.6,5.6,38.0,,54.6,5.0,2.1,0.3,39.0,12.5,5.25,74.0,23.7,32.0,367.0,before,7,M,11.62,LD
rhesus,17,10325,2021-08-10,open access,sedated,7.2,4.3,115.0,33.0,47.0,62.0,0.14,60.0,14.4,0.7,3.9,143.0,102.0,,5.3,,145.0,,44.0,,,,,1.7,6.3,41.8,,48.9,6.6,2.2,0.5,39.3,13.0,5.34,74.0,24.3,33.0,378.0,after,7,M,11.62,LD
rhesus,17,10326,2021-01-08,1.5 g/kg etoh induction,sedated,7,4.3,195.0,29.0,38.0,76.0,0.2,96.0,13.3,0.7,3.3,144.0,109.0,,3.8,,125.0,,28.0,,,,,1.8,3.8,30.2,,59.6,5.8,4.0,0.4,37.3,12.3,4.91,76.0,25.2,33.1,293.0,before,7,M,9.92,LD
rhesus,17,10326,2021-08-10,open access,sedated,7.4,4.4,135.0,34.0,44.0,63.0,0.11,79.0,14.0,0.8,3.3,145.0,108.0,,3.8,,131.0,,29.0,,,,,1.7,4.5,35.9,,55.1,6.4,2.1,0.5,41.5,13.5,5.37,77.0,25.1,32.5,326.0,after,7,M,9.92,LD
rhesus,17,10327,2021-01-08,1.5 g/kg etoh induction,sedated,6.4,4.2,138.0,87.0,92.0,70.0,0.2,78.0,17.9,0.9,3.9,144.0,109.0,,4.7,,116.0,,36.0,,,,,2.1,4.7,45.0,,45.8,7.4,1.3,0.5,37.9,12.5,5.2,73.0,24.0,33.0,385.0,before,7,M,12.56,LD
rhesus,17,10327,2021-08-13,open access,sedated,7.1,4.4,130.0,93.0,66.0,87.0,0.12,73.0,16.6,0.9,4.0,146.0,108.0,,5,,131.0,,89.0,,,,,1.8,5.8,38.2,,53.7,5.5,2.3,0.3,40.7,13.4,5.49,74.0,24.4,32.9,435.0,after,7,M,12.56,LD
rhesus,17,10328,2021-01-08,1.5 g/kg etoh induction,sedated,6.6,4.2,163.0,99.0,58.0,76.0,0.2,80.0,16.8,0.7,3.5,144.0,110.0,,5.3,,117.0,,23.0,,,,,1.8,4.3,33.2,,59.0,5.6,2.0,0.2,31.8,10.5,4.16,76.0,25.2,33.0,299.0,before,7,M,9.58,VHD
rhesus,17,10328,2021-08-13,open access,sedated,7.4,3.9,116.0,134.0,73.0,95.0,0.15,57.0,14.6,0.7,3.3,148.0,111.0,,4.6,,138.0,,119.0,,,,,1.6,4.5,46.6,,46.0,5.0,2.1,0.3,34.5,11.7,4.42,78.0,26.4,33.8,366.0,after,7,M,9.58,VHD
rhesus,17,10329,2021-01-08,1.5 g/kg etoh induction,sedated,7.3,4.6,87.0,26.0,30.0,44.0,0.2,90.0,16.0,0.5,3.6,145.0,109.0,,5.5,,169.0,,39.0,,,,,1.8,3.0,31.4,,61.3,6.2,0.6,0.5,35.3,11.4,5.12,69.0,22.2,32.2,423.0,before,7,F,9.24,HD
rhesus,17,10329,2021-08-13,open access,sedated,7.4,4.2,77.0,27.0,35.0,41.0,0.14,85.0,13.9,0.5,3.4,146.0,108.0,,5.1,,209.0,,99.0,,,,,1.5,3.6,65.7,,27.1,4.8,1.4,1.0,37.7,12.3,5.39,70.0,22.8,32.7,348.0,after,7,F,9.24,HD
rhesus,17,10330,2021-01-08,1.5 g/kg etoh induction,sedated,7.4,4.3,112.0,50.0,50.0,60.0,0.1,63.0,14.1,0.5,3.5,143.0,107.0,,4.6,,148.0,,45.0,,,,,1.8,4.9,39.7,,52.7,5.9,1.3,0.4,38.4,12.6,5.28,73.0,23.8,32.7,335.0,before,7,F,9.12,BD
rhesus,17,10330,2021-08-13,open access,sedated,7.8,4.2,122.0,62.0,47.0,54.0,0.06,79.0,12.9,0.6,3.5,144.0,105.0,,4.9,,178.0,,54.0,,,,,1.9,4.3,44.8,,47.6,6.3,1.1,0.2,40.0,13.1,5.48,73.0,23.9,32.7,362.0,after,7,F,9.12,BD
rhesus,18,10331,2020-11-19,1.5 g/kg etoh induction,,7.4,4.3,161.0,43.0,43.0,44.0,0.0,99.0,16.4,0.7,3.8,143.0,106.0,,5.1,,124.0,,53.0,,,,,1.8,9.0,34.0,,58.9,3.7,2.8,0.6,36.4,11.8,4.8,76.0,24.6,32.4,541.0,before,5,F,8.42,LD
rhesus,18,10331,2021-05-10,open access,awake,7.3,4.2,142.0,41.0,42.0,46.0,0.1,74.0,17.2,0.6,4.2,144.0,106.0,,5.3,,150.0,,56.0,,,,,1.4,7.5,34.3,,60.2,3.6,1.3,0.6,36.7,11.9,4.89,75.0,24.3,32.4,525.0,after,5,F,8.42,LD
rhesus,18,10332,2020-11-19,1.5 g/kg etoh induction,sedated,6.1,3.9,154.0,26.0,29.0,45.0,0.1,85.0,19.5,0.5,3.3,141.0,109.0,,2.7,,144.0,,56.0,,,,,1.5,9.1,31.7,,62.0,4.0,1.9,0.4,32.2,10.3,4.54,71.0,22.7,32.0,281.0,before,5,F,7.42,LD
rhesus,18,10332,2021-05-10,open access,awake,7.2,4.6,133.0,42.0,42.0,56.0,0.1,62.0,19.1,0.5,3.6,146.0,109.0,,4.8,,203.0,,29.0,,,,,1.3,7.8,32.2,,60.1,5.7,1.4,0.6,36.3,11.8,5.14,71.0,22.9,32.4,334.0,after,5,F,7.42,LD
rhesus,18,10333,2020-11-19,1.5 g/kg etoh induction,sedated,7.3,4.1,151.0,29.0,29.0,55.0,0.0,75.0,13.2,0.6,3.7,144.0,109.0,,3.6,,174.0,,72.0,,,,,1.9,10.3,41.1,,49.8,5.4,2.8,0.9,38.9,12.7,5.3,73.0,23.9,32.6,484.0,before,5,F,8.14,HD
rhesus,18,10333,2021-05-10,open access,awake,7.5,4.1,124.0,30.0,42.0,58.0,0.1,48.0,13.7,0.4,4.2,145.0,108.0,,4.5,,222.0,,189.0,,,,,1.6,8.4,38.3,,52.7,6.8,1.4,0.8,38.7,12.6,5.28,73.0,23.9,32.6,503.0,after,5,F,8.14,HD
rhesus,18,10334,2020-11-19,1.5 g/kg etoh induction,sedated,7.2,4.1,203.0,26.0,30.0,60.0,0.1,65.0,12.9,0.4,3.5,143.0,108.0,,4.6,,125.0,,40.0,,,,,1.7,9.5,47.0,,43.4,8.1,0.7,0.8,36.8,12.1,4.84,76.0,24.9,32.8,396.0,before,5,F,6.66,LD
rhesus,18,10334,2021-05-10,open access,awake,7.5,4.5,158.0,34.0,42.0,59.0,0.1,56.0,15.5,0.4,4.4,146.0,110.0,,4.3,,178.0,,42.0,,,,,1.4,8.3,34.4,,57.5,6.7,0.6,0.8,37.2,12.0,4.94,75.0,24.3,32.2,400.0,after,5,F,6.66,LD
rhesus,18,10335,2020-11-19,1.5 g/kg etoh induction,sedated,7.1,4.0,138.0,18.0,28.0,52.0,0.1,93.0,16.5,0.8,3.6,141.0,101.0,,4.6,,116.0,,153.0,,,,,1.7,11.1,54.4,,39.6,4.4,1.2,0.4,39.1,12.8,5.06,77.0,25.3,32.7,479.0,before,5,M,11.22,LD
rhesus,18,10335,2021-05-10,open access,awake,7.4,4.6,118.0,28.0,59.0,61.0,0.2,47.0,18.3,0.6,4.1,143.0,100.0,,5.2,,149.0,,53.0,,,,,1.3,10.2,45.7,,47.7,4.8,1.1,0.7,40.2,13.2,5.28,76.0,25.0,32.9,422.0,after,5,M,11.22,LD
rhesus,18,10336,2020-11-19,1.5 g/kg etoh induction,sedated,7.4,3.9,234.0,21.0,28.0,50.0,0.2,70.0,14.3,0.6,3.6,145.0,108.0,,3.6,,148.0,,54.0,,,,,1.8,14.4,51.1,,39.2,6.5,2.4,0.8,45.8,15.0,6.34,72.0,23.6,32.7,320.0,before,5,M,9.26,LD
rhesus,18,10336,2021-05-10,open access,awake,7.3,4.0,103.0,62.0,60.0,65.0,0.2,58.0,16.2,0.5,3.9,145.0,105.0,,4.8,,174.0,,90.0,,,,,1.6,14.5,44.1,,45.0,8.2,1.8,0.9,44.8,14.5,6.09,74.0,23.9,32.4,351.0,after,5,M,9.26,LD
rhesus,18,10337,2020-11-19,1.5 g/kg etoh induction,sedated,7.9,4.8,371.0,32.0,38.0,65.0,0.1,74.0,14.4,0.9,4.1,146.0,107.0,,3.7,,102.0,,73.0,,,,,1.8,8.7,37.6,,54.4,6.7,0.8,0.5,38.3,12.3,5.3,72.0,23.2,32.1,316.0,before,5,M,11.78,VHD
rhesus,18,10337,2021-05-10,open access,awake,8.2,4.7,285.0,27.0,51.0,66.0,0.1,46.0,16.0,0.8,4.1,145.0,104.0,,4.8,,146.0,,381.0,,,,,1.4,9.3,47.5,,38.3,12.5,1.2,0.5,38.5,12.5,5.19,74.0,24.2,32.6,414.0,after,5,M,11.78,VHD
rhesus,18,10338,2020-11-19,1.5 g/kg etoh induction,sedated,6.9,4.4,392.0,37.0,33.0,53.0,0.1,89.0,27.3,0.9,4.1,141.0,105.0,,4.9,,146.0,,75.0,,,,,1.9,6.3,23.2,,71.6,3.2,1.7,0.3,35.4,11.6,4.57,77.0,25.4,32.8,412.0,before,5,M,11.44,VHD
rhesus,18,10338,2021-05-10,open access,awake,7.5,4.3,274.0,45.0,64.0,63.0,0.2,73.0,15.0,0.5,3.4,143.0,102.0,,5,,282.0,,196.0,,,,,1.3,4.2,21.6,,70.9,6.5,0.7,0.3,35.1,11.6,4.43,79.0,26.2,33.1,307.0,after,5,M,11.44,VHD
rhesus,18,10339,2020-11-19,1.5 g/kg etoh induction,sedated,7,3.8,135.0,34.0,38.0,44.0,0.0,75.0,17.1,0.5,3.6,141.0,106.0,,4,,172.0,,34.0,,,,,1.7,7.8,29.9,,55.8,7.0,6.7,0.6,35.9,11.8,4.77,75.0,24.7,32.8,490.0,before,5,F,7.64,LD
rhesus,18,10339,2021-05-10,open access,awake,7.3,4.1,146.0,32.0,33.0,49.0,0.1,50.0,17.5,0.5,4.1,145.0,109.0,,3.7,,207.0,,58.0,,,,,1.2,7.4,41.7,,48.3,7.8,1.7,0.5,37.9,12.4,5.05,75.0,24.7,32.8,472.0,after,5,F,7.64,LD
rhesus,18,10340,2020-11-19,1.5 g/kg etoh induction,sedated,6.7,4.0,188.0,24.0,29.0,42.0,0.1,64.0,15.0,0.6,3.7,143.0,108.0,,3.9,,128.0,,41.0,,,,,1.7,5.5,24.1,,69.9,4.3,1.2,0.5,36.0,11.8,5.13,70.0,22.9,32.6,366.0,before,5,F,6.56,VHD
rhesus,18,10340,2021-05-10,open access,awake,6.9,4.1,162.0,23.0,33.0,48.0,0.2,54.0,17.0,0.5,3.9,143.0,106.0,,5.6,,172.0,,66.0,,,,,1.3,5.1,28.4,,65.5,4.8,0.9,0.4,36.6,11.9,5.15,71.0,23.1,32.5,366.0,after,5,F,6.56,VHD
rhesus,18,10341,2020-11-19,1.5 g/kg etoh induction,sedated,7.3,4.4,366.0,27.0,42.0,73.0,0.1,63.0,17.5,0.7,3.8,143.0,102.0,,3.9,,111.0,,52.0,,,,,1.9,7.8,43.8,,46.0,7.4,2.3,0.5,40.4,13.2,5.4,75.0,24.5,32.8,270.0,before,5,M,9.42,LD
rhesus,18,10341,2021-05-10,open access,awake,7.7,4.9,294.0,26.0,49.0,104.0,0.2,50.0,19.6,0.8,4.1,145.0,103.0,,5.6,,126.0,,83.0,,,,,1.5,8.0,47.2,,43.9,6.8,1.6,0.5,40.8,13.7,5.46,75.0,25.0,33.4,281.0,after,5,M,9.42,LD
rhesus,18,10342,2020-11-19,1.5 g/kg etoh induction,sedated,7.6,4.4,167.0,23.0,23.0,48.0,0.1,75.0,26.3,1.0,3.6,145.0,107.0,,4.4,,142.0,,34.0,,,,,2.0,7.5,42.3,,51.0,3.8,2.5,0.4,40.4,13.0,5.61,72.0,23.2,32.3,229.0,before,5,M,9.72,VHD
rhesus,18,10342,2021-05-10,open access,awake,7.6,4.4,269.0,30.0,57.0,75.0,0.2,51.0,21.9,0.8,4.3,144.0,106.0,,5.4,,209.0,,150.0,,,,,1.5,7.7,28.9,,59.8,8.0,2.6,0.7,41.3,13.4,5.78,71.0,23.2,32.5,320.0,after,5,M,9.72,VHD
