Species_x,Cohort,MATRR ID,Date of BC,Timepoint,State,TP:,ALB:,ALKP:,ALT:,AST:,GGT:,TBIL:,GLU:,BUN:,CREA:,K:,NA:,CL:,Ca:,PHOS:,Fe:,CHOL:,LDH:,TRIG:,A/G ratio:,DBIL:,Glob:,Amyl:,MG:,WBC:,NEUT%:,BAND%:,LY%,MONO%:,EOS%:,BASO%:,HCT:,HGB:,RBC:,MCV:,MCH:,MCHC:,PLT:,ID,Drinking Category,Species_y,Sex,Age,Cortisol,ACTH,Deoxycorticosterone,Aldosterone,DHEAS,Osteocalcin,CTX,FGF_basic,IL_1b,G_CSF,IL_10,IL_6,IL_12,RANTES,Eotaxin,IL_17,MIP_1a,GM_CSF,MIP_1b,MCP_1,IL_15,EGF,IL_5,HGF,VEGF,IFN_y,MDC,I_TAC,MIFAnalyte_46,IL_1RA,TNF_a,IL_2,IP_10,MIG,IL_4,IL_8,IL_23,VEGF_D
cyno,2,10016,2006-10-26,open access 1,sedated,7.9,4.6,84.0,37.0,38.0,70.0,0.5,36.0,16.0,1.5,4.8,152.0,108.0,9.8,3.8,124.0,171.0,503,421.0,1.4,0.1,3.3,,,9.5,53.1,0.0,39.2,5.0,2.2,0.5,42.5,13.7,5.66,75.0,24.2,32.2,446.0,,,,,,,,,,,,,,,,,,,,,,,,,,,,,,,,,,,,,,,,,,,
cyno,2,10018,2006-10-26,open access 1,sedated,7.3,4.4,80.0,18.0,36.0,61.0,0.6,54.0,11.0,0.8,4.1,150.0,107.0,9.2,5.1,140.0,110.0,298,198.0,1.5,0.1,2.9,,,5.9,44.6,0.0,49.4,4.1,1.3,0.6,39.7,12.8,5.02,79.0,25.5,32.2,749.0,,,,,,,,,,,,,,,,,,,,,,,,,,,,,,,,,,,,,,,,,,,
cyno,2,10019,2006-10-26,open access 1,sedated,6.8,4.3,80.0,31.0,34.0,37.0,0.3,53.0,14.0,0.9,3.7,146.0,105.0,9.5,6,199.0,114.0,455,80.0,1.7,0,2.5,,,6.5,43.3,0.0,50.7,4.2,1.2,0.6,38.7,12.6,5.19,74.0,24.3,32.6,387.0,,,,,,,,,,,,,,,,,,,,,,,,,,,,,,,,,,,,,,,,,,,
cyno,2,10020,2006-10-26,open access 1,sedated,7,4.3,213.0,27.0,41.0,52.0,0.4,66.0,91.0,0.6,3.7,149.0,105.0,9.1,6.4,164.0,161.0,452,83.0,1.6,0.1,2.7,,,4.4,39.8,0.0,53.8,5.5,0.5,0.4,36.5,11.7,5.01,73.0,23.4,32.1,608.0,,,,,,,,,,,,,,,,,,,,,,,,,,,,,,,,,,,,,,,,,,,
cyno,2,10021,2006-10-26,open access 1,sedated,6.6,4.1,134.0,25.0,38.0,72.0,0.5,58.0,14.0,0.8,3.9,147.0,105.0,8.5,6.9,175.0,158.0,447,485.0,1.6,0.1,2.5,,,6.2,53.3,0.0,39.1,3.0,2.4,2.2,34.9,11.7,4.79,73.0,24.4,33.5,513.0,,,,,,,,,,,,,,,,,,,,,,,,,,,,,,,,,,,,,,,,,,,
cyno,2,10022,2006-10-26,open access 1,sedated,7.3,4.4,80.0,25.0,30.0,51.0,0.5,55.0,14.0,1.0,4.6,151.0,106.0,10,5.2,172.0,116.0,391,217.0,1.5,0.1,2.9,,,6.9,39.3,0.0,55.7,3.2,1.1,0.7,39.7,12.7,5.15,77.0,24.7,32.0,549.0,,,,,,,,,,,,,,,,,,,,,,,,,,,,,,,,,,,,,,,,,,,
cyno,2,10023,2006-10-26,open access 1,sedated,7.6,4.3,62.0,23.0,40.0,55.0,0.6,52.0,15.0,1.0,4.6,148.0,105.0,9.6,4.4,206.0,98.0,901,207.0,1.3,0.1,3.3,,,8.9,62.6,0.0,31.4,3.8,1.7,0.5,41.5,13.4,5.25,79.0,25.5,32.3,693.0,,,,,,,,,,,,,,,,,,,,,,,,,,,,,,,,,,,,,,,,,,,
cyno,2,10024,2006-10-26,open access 1,sedated,7.3,4.2,69.0,36.0,38.0,56.0,0.3,53.0,19.0,0.7,4.0,154.0,112.0,9.7,5.3,190.0,125.0,444,149.0,1.4,0,3.1,,,6.3,30.8,0.0,61.4,2.8,4.3,0.7,36.0,11.6,4.91,73.0,23.6,32.2,698.0,,,,,,,,,,,,,,,,,,,,,,,,,,,,,,,,,,,,,,,,,,,
cyno,2,10025,2006-10-26,open access 1,sedated,6.7,3.9,108.0,24.0,33.0,32.0,0.2,59.0,14.0,1.0,4.6,148.0,109.0,9.2,4.9,159.0,146.0,488,64.0,1.4,0,2.8,,,5.1,52.5,0.0,39.4,3.4,4.2,0.5,38.7,12.4,5.06,76.0,24.5,32.0,452.0,,,,,,,,,,,,,,,,,,,,,,,,,,,,,,,,,,,,,,,,,,,
cyno,2,10026,2006-10-26,open access 1,sedated,7.9,4.1,82.0,35.0,54.0,61.0,0.4,58.0,22.0,0.9,4.3,150.0,106.0,9.5,5.1,125.0,155.0,293,164.0,1.1,0.1,3.8,,,7.2,47.9,0.0,46.0,3.1,2.6,0.4,37.2,12.0,4.58,81.0,26.2,32.3,562.0,,,,,,,,,,,,,,,,,,,,,,,,,,,,,,,,,,,,,,,,,,,
cyno,2,10027,2006-10-26,open access 1,sedated,6.9,3.9,122.0,22.0,35.0,42.0,0.3,54.0,19.0,1.2,4.1,151.0,106.0,9.6,3.5,135.0,114.0,191,308.0,1.3,0,3,,,11.2,60.5,0.0,32.7,4.2,1.9,0.7,43.0,13.7,5.74,75.0,23.9,31.9,697.0,,,,,,,,,,,,,,,,,,,,,,,,,,,,,,,,,,,,,,,,,,,
cyno,3,10032,2007-04-17,open access,sedated,5.8,3.5,125.0,44.0,32.0,44.0,0.3,54.0,17.0,0.7,3.3,145.0,104.0,8.8,3,127.0,111.0,484,63.0,1.5,0.1,2.3,,,6.1,28.1,0.0,65.4,4.0,1.8,0.7,35.6,11.3,4.58,78.0,24.7,31.7,314.0,,,,,,,,,,,,,,,,,,,,,,,,,,,,,,,,,,,,,,,,,,,
cyno,3,10033,2007-04-17,open access,sedated,6,3.7,151.0,18.0,28.0,44.0,0.2,59.0,102.0,0.6,3.4,144.0,106.0,9.5,4.4,127.0,153.0,588,51.0,1.6,0,2.3,,,7.8,36.3,0.0,55.0,4.0,3.6,1.1,37.5,12.1,5.12,73.0,23.6,32.3,417.0,,,,,,,,,,,,,,,,,,,,,,,,,,,,,,,,,,,,,,,,,,,
cyno,3,10034,2007-04-17,open access,sedated,6.9,4.5,133.0,64.0,38.0,75.0,0.2,58.0,15.0,0.7,3.2,140.0,109.0,8.8,3.7,116.0,135.0,393,40.0,1.9,0,2.4,,,,,,,,,,,,,,,,,,,,,,,,,,,,,,,,,,,,,,,,,,,,,,,,,,,,,,,,,,,
cyno,3,10035,2007-04-17,open access,sedated,5.9,3.5,93.0,16.0,40.0,26.0,0.3,40.0,13.0,0.9,2.9,143.0,103.0,9.1,3.7,248.0,138.0,505,195.0,1.5,0,2.4,,,6.6,21.6,0.0,69.9,5.8,2.1,0.6,36.9,11.9,4.6,80.0,25.9,32.2,374.0,,,,,,,,,,,,,,,,,,,,,,,,,,,,,,,,,,,,,,,,,,,
cyno,3,10036,2007-04-17,open access,sedated,5.8,3.3,119.0,38.0,33.0,46.0,0.2,56.0,10.0,0.6,3.5,146.0,109.0,8.9,5.3,134.0,144.0,600,81.0,1.3,0,2.5,,,6.8,33.6,0.0,62.3,2.7,0.7,0.7,36.2,11.5,4.53,80.0,25.4,31.8,440.0,,,,,,,,,,,,,,,,,,,,,,,,,,,,,,,,,,,,,,,,,,,
cyno,3,10037,2007-10-09,open access,sedated,6.5,4.0,163.0,20.0,23.0,44.0,0.1,52.0,15.0,1.1,3.3,145.0,103.0,8.7,3.9,52.0,149.0,253,86.0,1.6,0,2.5, ,,5.5,18.1,0.0,69.9,3.8,7.5,0.7,33.3,10.5,5.54,60.0,19.0,31.5,396.0,,,,,,,,,,,,,,,,,,,,,,,,,,,,,,,,,,,,,,,,,,,
cyno,3,10038,2007-04-17,open access,sedated,5.5,3.4,106.0,30.0,42.0,72.0,0.1,48.0,22.0,0.8,3.5,145.0,105.0,8.7,4.2,176.0,120.0,430,135.0,1.6,0,2.1,,,5.6,31.6,0.0,63.2,3.6,1.1,0.5,35.4,11.4,4.57,77.0,24.9,32.2,386.0,,,,,,,,,,,,,,,,,,,,,,,,,,,,,,,,,,,,,,,,,,,
cyno,3,10039,2007-10-09,open access,sedated,6.1,3.9,179.0,27.0,52.0,51.0,0.3,40.0,13.0,0.9,3.6,147.0,106.0,9,3.6,70.0,196.0,957,416.0,1.8,0.1,2.2,,,6.3,43.5,0.0,50.4,2.5,3.0,0.6,39.2,12.8,4.84,81.0,26.4,32.7,405.0,,,,,,,,,,,,,,,,,,,,,,,,,,,,,,,,,,,,,,,,,,,
cyno,3,10040,2007-04-17,open access,sedated,6.3,3.8,143.0,34.0,41.0,30.0,0.2,46.0,11.0,0.6,3.1,145.0,104.0,9.4,4.5,95.0,182.0,682,173.0,1.5,0,2.5,,,5.0,16.3,0.0,77.2,4.6,1.2,0.7,37.9,12.2,5.27,72.0,23.1,32.2,266.0,,,,,,,,,,,,,,,,,,,,,,,,,,,,,,,,,,,,,,,,,,,
cyno,3,10041,2007-04-17,open access,sedated,5.5,3.5,176.0,28.0,38.0,55.0,0.1,49.0,16.0,0.6,3.3,147.0,102.0,8.8,4.7,104.0,166.0,654,59.0,1.8,0,2,,,7.4,35.6,0.0,59.1,3.4,1.0,0.9,35.5,11.5,4.67,76.0,24.6,32.4,434.0,,,,,,,,,,,,,,,,,,,,,,,,,,,,,,,,,,,,,,,,,,,
cyno,3,10042,2007-04-17,open access,sedated,5.5,3.3,116.0,29.0,51.0,79.0,0.1,43.0,13.0,0.7,3.7,145.0,105.0,9.4,4.7,62.0,128.0,731,113.0,1.5,0,2.2,,,10.0,40.8,0.0,47.9,4.0,6.0,1.3,40.0,12.8,5.55,72.0,23.1,32.0,384.0,,,,,,,,,,,,,,,,,,,,,,,,,,,,,,,,,,,,,,,,,,,
cyno,3,10044,2007-04-17,open access,sedated,6.2,3.4,189.0,18.0,32.0,74.0,0.2,40.0,11.0,0.9,3.7,147.0,110.0,9.1,3.3,99.0,179.0,475,84.0,1.2,0,2.8,,,9.5,35.4,0.0,57.7,5.2,0.9,0.8,34.1,11.2,4.8,71.0,23.3,32.8,454.0,,,,,,,,,,,,,,,,,,,,,,,,,,,,,,,,,,,,,,,,,,,
cyno,3,10045,2007-04-17,open access,sedated,6.5,3.7,189.0,27.0,44.0,56.0,0.2,47.0,11.0,0.7,3.6,150.0,107.0,9.3,5,105.0,100.0,641,81.0,1.3,0,2.8,,,7.4,30.5,0.0,63.1,3.8,2.0,0.6,33.4,10.9,4.41,76.0,24.7,32.6,471.0,,,,,,,,,,,,,,,,,,,,,,,,,,,,,,,,,,,,,,,,,,,
cyno,3,10046,2007-10-09,open access,sedated,6.8,3.8,123.0,36.0,32.0,71.0,0.2,40.0,14.0,0.8,3.7,148.0,107.0,9,3.6,105.0,145.0,319,92.0,1.3,0,3,,,12.9,60.9,0.0,32.7,4.0,1.4,1.0,36.2,11.7,5.69,64.0,20.6,32.3,431.0,,,,,,,,,,,,,,,,,,,,,,,,,,,,,,,,,,,,,,,,,,,
cyno,3,10047,2007-10-09,open access,sedated,6.2,3.5,194.0,12.0,25.0,73.0,0.1,42.0,16.0,1.1,3.7,149.0,108.0,8.9,4,49.0,182.0,354,81.0,1.3,0,2.7,,,8.2,61.7,0.0,31.3,3.1,3.3,0.6,36.1,11.6,5.71,63.0,20.3,32.1,326.0,,,,,,,,,,,,,,,,,,,,,,,,,,,,,,,,,,,,,,,,,,,
rhesus,4,10048,2008-11-18,open access,sedated,6.3,4.6,54.0,35.0,29.0,50.0,0.3,54.0,17.8,1.0,4.0,154.0,121.0,9.6,5.2,161.0,162.0,304,33.0,2.7,0.1,1.7,,,4.1,59.9,0.0,33.0,5.5,1.0,0.6,38.2,12.1,5.33,72.0,22.7,31.7,327.0,10048,LD,Rhesus,M,9.85646522515862,27.09,32.5,324.5,113.855,0.0799999999999999,6.05,0.868,1.8945537619,6.0325504245,0.7711026553,1.4920634993,1.5923445387,124.2422178877,588.3591957632,115.4563079553,8.2694399711,12.5319086948,0.6316988286,46.3542843852,94.0651175235,8.2633175318,0.88,0.1121379066,25.2136459423,0.5920014046,7.2628227724,262.7374369091,33.3930034615,57.4613905468,1163.3294784774,3.9866480451,73.9497817163,2.7153073332,37.8326343129,2.1263995924,1.7891011472,73.9497817163,0.5920014046
rhesus,4,10049,2008-11-18,open access,sedated,6.9,4.0,86.0,19.0,32.0,48.0,0.3,42.0,12.9,1.1,4.2,152.0,113.0,9.2,3.4,139.0,126.0,549,79.0,1.4,0.1,2.9,,,4.5,43.3,0.0,48.7,5.3,2.1,0.6,43.5,14.0,6.19,70.0,22.6,32.2,322.0,10049,HD,Rhesus,M,9.8153966200538,30.0,51.5,481.0,147.394999999999,0.0645,10.62,0.78,4.55719578555,7.05279982305,21.5420743907,1.95580400575,1.83846868865,158.559867203449,4642.87206219095,178.7688825147,8.87145121775,16.6489263065,0.7043091901,57.1548529198,177.5956223817,12.1193623889,2.4370989168,0.241976428099999,42.7464097416,0.51219394825,12.80975895905,659.79819862685,58.1117492805999,37.7502762609,2116.08459801105,8.9297558788,64.0619963103,3.66841142135,44.71248663875,2.76225047205,0.8982832668,64.0619963103,0.51219394825
rhesus,4,10051,2008-11-18,open access,sedated,6.9,4.7,63.0,20.0,29.0,51.0,0.3,59.0,12.5,0.9,3.9,155.0,111.0,9.4,3.6,193.0,133.0,423,118.0,2.1,0.1,2.2,,,2.9,28.2,0.0,64.7,5.4,1.2,0.5,36.1,12.0,5.07,71.0,23.7,33.2,288.0,10051,BD,Rhesus,M,9.22400870654428,28.2449999999999,27.0,354.5,115.49,0.0605,9.9,0.606,3.1258413001,5.8670025251,12.9816871212,1.62427109769999,1.77642539885,165.92965198155,1718.7492241252,167.14052861665,8.2673808687,15.09427088585,0.6802319199,50.99827939185,208.697210219849,9.22672550585,0.88,0.186265549,34.92662650755,0.6070747883,11.58426238565,459.7406265011,45.2591731918499,51.4565292343,1571.92682093755,6.7686658577,54.1742109043,3.7029972083,43.12818021625,2.1263995924,1.1259436133,54.1742109043,0.6070747883
rhesus,4,10052,2008-11-18,open access,sedated,6.1,3.5,71.0,21.0,26.0,45.0,0.3,59.0,18.9,1.2,3.9,150.0,110.0,8.8,3.6,133.0,88.0,436,37.0,1.7,0.1,2.3,,,6.9,66.6,0.0,27.9,3.6,1.4,0.5,36.5,12.0,4.79,76.0,25.1,32.9,277.0,10052,LD,Rhesus,M,9.17746428742547,30.435,14.0,373.5,140.465,0.114,10.89,1.49,7.31120225665,8.6425275863,26.16379876405,2.15312025465,1.6538520201,166.50309554115,827.39715305455,190.31533614375,6.6165091585,26.3183173023,0.9152401462,142.3395176343,161.01569417535,20.4592879951,11.46433250095,0.242042069699999,53.9751396829,0.6454868414,18.9028750318,289.54435632425,33.3105308092,52.33175137755,1287.30250542525,15.9707209876999,388.231127764299,2.81059287845,40.2771993730499,2.5486835366,3.1458784968,388.231127764299,0.6454868414
rhesus,4,10054,2008-11-18,open access,sedated,6.6,4.3,75.0,19.0,33.0,36.0,0.3,57.0,18.3,1.3,3.8,150.0,105.0,9.3,3.6,175.0,157.0,450,118.0,1.9,0.1,2.3,,,5.0,47.1,0.0,46.9,4.3,1.2,0.5,41.2,13.5,5.5,75.0,24.5,32.8,265.0,10054,BD,Rhesus,M,8.03028125149729,36.2699999999999,55.5,396.5,138.735,0.0975,6.85,0.983,5.49527766825,11.06166581265,20.70427663545,2.3854183706,2.02251760285,200.3743197423,3209.194935563,222.0652236995,7.8533542762,17.99898814465,0.7782564984,58.5345873885,184.0569792644,15.5421152867,4.66528198894999,0.20477443015,38.9086353108,0.75851331015,15.8766015114999,602.12088491575,45.80042226865,73.0338424048,2104.5505297217,10.9792927109,141.82303826115,3.42519675585,43.6317212250999,2.9709674808,2.4620877138,141.82303826115,0.75851331015
rhesus,4,10055,2008-11-18,open access,sedated,5.8,3.6,104.0,37.0,38.0,64.0,0.3,61.0,19.2,1.1,3.7,148.0,109.0,8.9,4,148.0,142.0,318,62.0,1.6,0.1,2.2,,,4.7,35.6,0.0,57.5,5.0,1.2,0.7,38.6,12.8,5.46,71.0,23.4,33.2,321.0,10055,LD,Rhesus,M,8.42453986050363,28.765,88.5,343.5,273.895,0.107,12.88,2.93,4.85230757695,9.5606693736,23.8629341451,2.0204965229,2.02276653635,223.60108354855,1791.5029033444,173.3639593716,7.24404117159999,18.50319889155,0.6802319199,64.9184496525,152.879131543,13.4470256625,4.17739952105,0.16766455005,45.2280442559,0.6581076341,15.25954784205,410.36833548235,44.04518712825,39.95057017195,1937.8002565729,11.38858793295,44.2864254983,3.29139064795,40.2990248775499,2.7598255087,3.4856621566,44.2864254983,0.6581076341
rhesus,4,10056,2008-11-18,open access,sedated,7.1,4.4,76.0,30.0,32.0,40.0,0.3,57.0,27.1,1.4,4.0,153.0,113.0,9.5,3.5,161.0,129.0,454,78.0,1.6,0.1,2.7,,,5.8,56.4,0.0,36.5,4.8,1.7,0.6,39.5,13.2,5.57,71.0,23.7,33.4,309.0,10056,LD,Rhesus,M,8.00837799544138,23.665,27.5,289.0,305.1,0.0805,13.81,2.03,,,,,,,,,,,,,,,,,,,,,,,,,,,,,,,
rhesus,4,10057,2008-11-18,open access,sedated,6.4,4.3,83.0,17.0,29.0,48.0,0.3,67.0,11.2,1.1,3.9,152.0,114.0,9.5,4.2,274.0,139.0,401,100.0,2.0,0.1,2.1,,,4.8,40.8,0.0,52.2,5.0,1.5,0.5,39.9,13.1,5.22,76.0,25.1,32.8,381.0,10057,BD,Rhesus,M,7.05558635700938,23.53,39.5,441.0,166.53,0.160999999999999,30.32,2.38,4.32510967575,7.8520167868,24.28463758095,2.25211042255,1.89956312495,166.42028570925,2296.28281803435,160.7620517355,4.9597431195,15.56011491585,0.69635331415,56.6361255776,157.01409318895,10.8989579165,1.25483826925,0.223375429149999,38.2756390626,0.55155449015,12.81423828615,554.34369689475,30.27075028835,34.8829872124,1772.2029847173,8.08125313495,81.640916861,2.03527125595,41.9679948551,3.18453441625,3.36864587585,81.640916861,0.55155449015
rhesus,4,10058,2008-11-18,open access,sedated,6.4,4.1,77.0,15.0,28.0,36.0,0.3,71.0,9.9,1.2,4.3,152.0,113.0,8.9,4.5,222.0,127.0,535,69.0,1.8,0.1,2.3,,,5.1,48.1,0.0,42.5,7.8,1.1,0.5,38.1,12.6,5.17,74.0,24.4,33.1,364.0,10058,LD,Rhesus,M,7.17605426531687,19.695,49.5,325.5,84.31,0.0415,26.34,2.05,6.061768032,9.10903828555,26.65403581715,2.08643717595,2.94227555425,151.191127990249,2951.16264973015,194.250761042299,6.2227605769,17.06480630345,3.0603357767,109.4945588673,187.53766156365,18.8492043426,2.78183952074999,0.2233754291,46.53737703695,1.01720316505,17.09782086825,450.5801110249,36.0567069738,57.4525609905,2103.1691460845,8.50550450685,1265.2260920854,2.93145018155,39.01885525205,2.7598255087,5.03343066839999,1265.2260920854,1.01720316505
rhesus,4,10059,2008-11-18,open access,sedated,6.3,4.3,171.0,27.0,34.0,52.0,0.3,61.0,15.3,0.9,4.0,152.0,111.0,9.3,4.8,169.0,134.0,296,47.0,2.2,0.1,2,,,4.3,44.4,0.0,49.2,3.3,2.7,0.4,40.5,13.4,5.4,75.0,24.8,33.1,437.0,10059,BD,Rhesus,M,7.17605426531687,29.4099999999999,48.5,459.0,393.235,0.2885,17.28,1.56,6.9532342828,10.67541739275,35.3948919159,2.5176858132,2.45220872895,300.9017935365,5203.5245344572,260.20607606295,10.16095811615,20.36415331345,3.653105528,87.4861947284,231.1314372381,22.9079867887,1.6182377047,0.223375429149999,53.77676998335,1.30478160675,17.7075655973,441.7149481162,48.7113696629,132.0818665391,2491.43091154385,11.785987727,1378.9095808752,5.26398385185,40.216980104,2.97339244415,6.13430124895,1378.9095808752,1.30478160675
rhesus,5,10167,2009-05-19,open access,,6.4,3.9,92.0,15.0,29.0,121.0,0.3,100.0,20.1,0.9,4.1,147.0,111.0,8.4,5.3,110.0,129.0,235,25.0,1.6,0.1,2.5,,,7.2,56.5,0.0,35.3,5.4,1.6,1.2,46.7,15.8,6.91,67.0,22.9,33.8,306.0,,,,,,,,,,,,,,,,,,,,,,,,,,,,,,,,,,,,,,,,,,,
rhesus,5,10060,2009-09-11,open access,,6.7,4.2,64.0,38.0,39.0,49.0,0.3,77.0,12.1,0.9,3.9,151.0,112.0,9.7,4.3,186.0,120.0,388,62.0,2.5,0.1,1.7,0,,5.4,43.6,0.0,48.2,6.6,1.2,0.4,39.3,13.1,5.57,70.0,23.5,33.3,304.0,10060,BD,Rhesus,M,5.70579820256405,,,,,,25.03,1.76,6.0885372261,6.7301563792,24.5099377948,2.0285785138,1.7367918028,512.6340999302,2068.6831491297,226.6835222941,6.1320349165,14.8065401217,0.7589857251,55.7492432513,233.0915324966,8.7817713922,3.5719831873,0.2992395213,37.6012872679,0.8208724358,11.8865638186,332.0112977307,41.4238078311,124.2865954618,2214.3231104628,19.5720158035,118.2392862828,2.6239187641,65.6210517264,3.2541693216,0.8662003705,118.2392862828,0.8208724358
rhesus,5,10061,2009-09-11,open access,,7.2,4.2,129.0,19.0,34.0,61.0,0.2,56.0,9.5,0.7,3.8,151.0,107.0,9.3,4.8,145.0,142.0,352,138.0,1.4,,3,0,,6.2,34.3,0.0,57.1,7.0,1.0,0.6,41.5,14.0,5.65,73.0,24.8,33.7,442.0,10061,VHD,Rhesus,M,5.85090727393444,,,,,,15.58,1.43,0.18,1.1007292946,90.859119716,1.4779144445,1.5878860413,323.3741412156,799.3116946953,176.8985919554,9.2489995431,21.7162031553,0.7884793771,27.240378046,235.5360311477,12.7404978972,0.29,0.4738573181,26.4905641709,0.0968520681,12.8255092061,1620.0569112215,62.3237987027,846.6237420537,582.8078880376,13.6203571615,153.9252663298,3.5963591501,324.2134981322,3.2777686065,0.29,153.9252663298,0.0968520681
rhesus,5,10062,2009-09-11,open access,,7,4.4,124.0,60.0,87.0,93.0,0.2,48.0,14.3,0.8,4.3,152.0,112.0,9.5,4.6,173.0,161.0,246,100.0,1.7,0.1,2.6,0,,4.5,35.7,0.0,57.3,5.0,1.6,0.4,35.9,12.3,5.29,68.0,23.3,34.3,414.0,,,,,,,,,,,,,,,,,,,,,,,,,,,,,,,,,,,,,,,,,,,
rhesus,5,10063,2009-08-14,open access,,7.4,4.8,236.0,77.0,,,0.14,69.0,20.0,0.52,4.5,122.0,84.0,,4.6,,,,,,,,,,,,,,,,,,,,,,,,,,,,,,,,,,,,,,,,,,,,,,,,,,,,,,,,,,,,,,,,,,
rhesus,5,10064,2009-09-11,open access,,7.1,4.3,195.0,16.0,30.0,59.0,0.2,49.0,10.7,0.8,4.4,154.0,109.0,10,4.1,160.0,159.0,230,154.0,2.8,,1.5,0,,6.1,41.0,0.0,52.6,5.2,0.7,0.5,44.9,15.0,6.36,71.0,23.6,33.4,271.0,,,,,,,,,,,,,,,,,,,,,,,,,,,,,,,,,,,,,,,,,,,
rhesus,5,10065,2009-09-11,open access,,6.6,4.4,112.0,30.0,32.0,101.0,0.2,58.0,14.4,0.7,4.0,143.0,111.0,9.2,4.4,129.0,148.0,164,112.0,2.0,,2.2,0,,6.3,28.2,0.0,65.8,4.4,1.1,0.5,35.2,12.0,4.87,72.0,24.6,34.1,467.0,10065,HD,Rhesus,M,5.93578239115108,,,,,,31.88,2.18,6.3994085589,2.0541751961,57.93060783385,1.58696492275,3.35609643945,297.5326113236,1977.56769641825,88.8020422183,7.1545384516,17.7658360501,1.47254076405,102.0197174054,234.43045035755,37.03583302525,3.6714162805,0.554037361,89.34889555445,0.0858760671,48.78122311065,976.4138847985,39.7963048173,200.8074333196,438.72816570235,18.32161460155,227.13168409505,3.70051982315,229.045187354,4.22942323164999,0.29,227.13168409505,0.0858760671
rhesus,5,10066,2009-09-11,open access,,7,4.4,120.0,20.0,33.0,47.0,0.2,62.0,12.2,0.9,4.4,155.0,113.0,9.6,4.7,130.0,125.0,414,108.0,1.7,,2.6,0,,9.6,60.5,0.0,34.4,3.0,1.5,0.6,38.8,13.0,5.12,76.0,25.4,33.5,480.0,10066,VHD,Rhesus,M,5.77424587773876,,,,,,20.36,2.25,4.06970254815,0.90583784315,56.94718229255,1.3596768729,2.58534342915,244.8916708518,979.5906679745,82.2383551341999,4.0919716682,13.5228008299,0.681587756399999,25.26125672055,105.6398051907,5.1896513425,0.3902207152,0.38078747835,25.4972639537,0.1038451716,12.1822086219,817.38738591395,26.73886772145,180.1745238089,323.59860370925,12.87771276695,134.6114404858,3.4461463955,238.15763822315,2.12973604535,0.29,134.6114404858,0.1038451716
rhesus,5,10067,2009-09-11,open access,,6.3,4.0,118.0,17.0,38.0,54.0,0.3,54.0,13.9,0.7,4.2,150.0,117.0,9.4,5.7,161.0,140.0,295,172.0,1.7,0.1,2.3,0,,5.0,42.7,0.0,47.8,7.5,1.6,0.4,38.9,13.1,4.97,78.0,26.4,33.7,577.0,10067,HD,Rhesus,M,5.8125765758366,,,,,,12.58,1.03,2.0936550423,1.5804709152,69.0011561411,1.5993899299,2.2976957249,421.0000955555,1312.5434780217,295.3229399728,8.930974609,13.4044759802,0.6813150096,21.1311737337,431.6320316915,0.8089222768,0.29,0.5931733617,44.7016554868,0.1517821464,15.9195815916,1060.3313374482,159.8939755378,173.411111788,483.8408273162,13.8958640745,106.5357643777,6.45063823,184.1365368174,4.7992610439,10.6349452734,106.5357643777,0.1517821464
rhesus,5,10169,2010-03-02,open access,,6.3,4.1,138.0,41.0,,,,34.0,20.5,1.06,3.3,138.0,,,,,,,,,,,0,,15.7,84.2,0.0,10.5,3.6,1.0,0.7,40.1,13.1,5.23,77.0,25.0,32.7,316.0,,,,,,,,,,,,,,,,,,,,,,,,,,,,,,,,,,,,,,,,,,,
rhesus,5,10170,2010-03-02,open access,,6.6,4.0,235.0,28.0,,,,42.0,16.5,0.67,3.1,139.0,,,,,,,,,,,0,,8.4,45.4,0.0,48.6,4.4,1.1,0.5,39.1,12.8,5.54,71.0,23.1,32.7,260.0,,,,,,,,,,,,,,,,,,,,,,,,,,,,,,,,,,,,,,,,,,,
rhesus,5,10171,2010-03-02,open access,,7,4.5,407.0,20.0,,,,70.0,14.9,0.57,3.3,137.0,,,,,,,,,,,0,,7.4,42.7,0.0,51.7,4.3,0.8,0.5,39.1,12.9,5.67,69.0,22.8,33.0,374.0,,,,,,,,,,,,,,,,,,,,,,,,,,,,,,,,,,,,,,,,,,,
cyno,8,10099,2011-07-13,open access,sedated,6.6,3.1,224.0,29.0,43.0,32.0,0.3,56.0,14.7,0.5,3.9,147.0,106.0,9,4.8,125.0,141.0,559,93.0,0.9,0.1,3.5,0,,10.1,39.6,,51.9,6.2,1.3,1.0,39.3,13.4,5.26,74.8,25.5,34.1,563.0,,,,,,,,,,,,,,,,,,,,,,,,,,,,,,,,,,,,,,,,,,,
cyno,8,10100,2011-07-13,open access,sedated,6.6,3.3,110.0,41.0,39.0,30.0,0.6,70.0,11.6,0.8,3.6,147.0,110.0,8.3,3.6,114.0,147.0,243,79.0,1.0,0.1,3.3,0,,7.6,26.4,,65.7,5.8,1.5,0.6,38.0,12.7,5.39,70.4,23.6,33.5,412.0,,,,,,,,,,,,,,,,,,,,,,,,,,,,,,,,,,,,,,,,,,,
cyno,8,10102,2011-07-13,open access,sedated,6.2,3.8,93.0,88.0,61.0,26.0,0.3,61.0,23.5,0.9,3.5,148.0,108.0,8.9,3.5,99.0,212.0,570,30.0,1.6,0.1,2.4,0,,5.2,24.0,,70.5,3.0,1.8,0.7,32.7,10.7,4.42,73.9,24.2,32.8,291.0,,,,,,,,,,,,,,,,,,,,,,,,,,,,,,,,,,,,,,,,,,,
cyno,8,10103,2011-07-13,open access,sedated,6.3,3.1,141.0,53.0,50.0,50.0,0.3,51.0,11.4,0.8,4.1,149.0,111.0,8.8,4.1,82.0,114.0,367,140.0,1.0,0.1,3.2,0,,6.5,55.0,,34.6,5.0,3.6,1.8,40.8,13.4,5.02,81.3,26.8,32.9,350.0,,,,,,,,,,,,,,,,,,,,,,,,,,,,,,,,,,,,,,,,,,,
cyno,8,10104,2011-07-13,open access,sedated,6.6,3.7,87.0,27.0,53.0,52.0,0.5,45.0,15.3,0.5,3.7,149.0,109.0,8.5,4.3,122.0,132.0,628,239.0,1.3,0.1,2.9,0,,8.3,32.3,,59.4,5.6,2.0,0.7,38.8,12.9,5.62,68.9,22.9,33.2,462.0,,,,,,,,,,,,,,,,,,,,,,,,,,,,,,,,,,,,,,,,,,,
cyno,8,10105,2011-07-13,open access,sedated,6.4,4.2,88.0,22.0,45.0,48.0,0.5,53.0,18.9,0.9,3.5,149.0,111.0,8.9,3.8,91.0,133.0,448,66.0,1.9,0.1,2.2,0,,6.0,24.0,,72.8,2.2,0.5,0.5,37.0,12.3,4.92,75.3,25.0,33.2,427.0,,,,,,,,,,,,,,,,,,,,,,,,,,,,,,,,,,,,,,,,,,,
cyno,8,10106,2011-07-13,open access,sedated,7.2,3.3,144.0,34.0,43.0,28.0,0.4,56.0,15.1,0.7,3.5,147.0,110.0,8.6,4.4,99.0,103.0,408,116.0,0.8,0.1,3.9,0,,6.4,25.0,,68.0,4.9,1.3,0.8,39.8,13.3,5.4,73.6,24.7,33.5,334.0,,,,,,,,,,,,,,,,,,,,,,,,,,,,,,,,,,,,,,,,,,,
cyno,9,10197,2013-04-02,open access,sedated,7,4.1,151.0,30.0,34.0,81.0,0.4,61.0,18.9,1.2,3.9,149.0,104.0,9,4.2,195.0,146.0,293,96.0,1.4,0.1,2.9, ,,10.73,52.1,0.0,41.0,4.9,1.6,0.4,39.93,13.01,4.99,79.94,26.1,32.6,415.0,,,,,,,,,,,,,,,,,,,,,,,,,,,,,,,,,,,,,,,,,,,
cyno,9,10198,2013-04-02,open access,sedated,6.5,4.1,129.0,26.0,31.0,63.0,0.3,54.0,15.6,0.9,3.6,150.0,108.0,9.2,3.7,91.0,129.0,386,30.0,1.7,0.1,2.4, ,,6.39,62.1,0.0,32.3,2.9,2.5,0.2,33.71,11.06,4.61,73.05,24.0,32.8,336.0,,,,,,,,,,,,,,,,,,,,,,,,,,,,,,,,,,,,,,,,,,,
cyno,9,10199,2013-04-02,open access,sedated,6.6,4.1,91.0,37.0,32.0,74.0,0.4,63.0,28.6,1.2,4.1,149.0,106.0,8.9,4,116.0,133.0,298,48.0,1.6,0.1,2.5, ,,5.98,52.6,0.0,39.8,6.0,1.2,0.4,37.99,12.65,5.0,76.01,25.3,33.3,372.0,,,,,,,,,,,,,,,,,,,,,,,,,,,,,,,,,,,,,,,,,,,
cyno,9,10200,2013-04-02,open access,sedated,7,4.4,146.0,29.0,22.0,45.0,0.4,53.0,18.9,0.7,4.1,149.0,106.0,9,5.8,125.0,135.0,325,82.0,1.7,0.1,2.6,,,5.6,21.0,0.0,68.2,7.8,2.7,0.3,36.7,12.29,5.33,68.82,23.1,33.5,388.0,,,,,,,,,,,,,,,,,,,,,,,,,,,,,,,,,,,,,,,,,,,
cyno,9,10201,2013-04-02,open access,sedated,6.2,4.0,85.0,34.0,29.0,117.0,0.4,54.0,22.1,1.0,3.8,148.0,102.0,9.2,3.8,117.0,102.0,179,42.0,1.8,0.1,2.2, ,,6.48,46.6,0.0,45.0,6.7,1.4,0.3,38.0,12.23,5.38,70.61,22.7,32.2,491.0,,,,,,,,,,,,,,,,,,,,,,,,,,,,,,,,,,,,,,,,,,,
cyno,9,10202,2013-04-02,open access,sedated,6.2,3.6,81.0,30.0,34.0,62.0,0.4,57.0,23.1,1.0,4.1,148.0,107.0,8.8,4.4,180.0,116.0,366,57.0,1.4,0.1,2.6,,,8.22,54.2,0.0,39.3,4.1,1.9,0.5,40.07,13.13,5.36,74.78,24.5,32.8,443.0,,,,,,,,,,,,,,,,,,,,,,,,,,,,,,,,,,,,,,,,,,,
cyno,9,10203,2013-04-02,open access,sedated,6.7,3.6,110.0,85.0,42.0,52.0,0.4,70.0,15.2,0.8,4.1,150.0,104.0,8.8,4.8,131.0,110.0,254,191.0,1.2,0.1,3.1,,,9.33,42.9,,48.9,6.2,1.4,0.6,39.4,12.79,5.19,75.94,24.6,32.5,432.0,,,,,,,,,,,,,,,,,,,,,,,,,,,,,,,,,,,,,,,,,,,
cyno,9,10204,2013-04-02,open access,sedated,6.1,3.9,73.0,50.0,19.0,89.0,0.3,65.0,18.8,1.0,4.2,147.0,105.0,8.9,4,155.0,96.0,146,195.0,1.8,0.1,2.2, ,,7.36,45.3,,45.5,5.1,3.7,0.4,35.79,11.53,4.91,72.86,23.5,32.2,473.0,,,,,,,,,,,,,,,,,,,,,,,,,,,,,,,,,,,,,,,,,,,
cyno,9,10205,2013-04-02,open access,sedated,6.6,4.2,105.0,16.0,28.0,70.0,0.4,56.0,15.7,0.8,4.6,148.0,104.0,8.9,4.5,137.0,100.0,472,56.0,1.8,0.1,2.4,,,11.66,65.3,,25.6,7.2,1.3,0.6,40.05,12.83,5.4,74.19,23.8,32.0,406.0,,,,,,,,,,,,,,,,,,,,,,,,,,,,,,,,,,,,,,,,,,,
cyno,9,10206,2013-04-02,open access,sedated,6.5,4.3,131.0,19.0,26.0,45.0,0.2,80.0,16.4,0.8,3.6,145.0,103.0,9.5,5,110.0,121.0,375,72.0,2.0,0.1,2.2,,,11.0,58.8,,32.5,3.1,5.1,0.5,37.23,12.16,5.04,73.84,24.1,32.7,444.0,,,,,,,,,,,,,,,,,,,,,,,,,,,,,,,,,,,,,,,,,,,
cyno,9,10207,2013-04-02,open access,sedated,7.4,4.6,128.0,31.0,31.0,74.0,0.4,90.0,15.9,1.0,4.0,149.0,103.0,8.9,4.3,159.0,140.0,306,170.0,1.6,0.1,2.8,,,12.52,65.8,,25.6,6.7,1.5,0.4,39.31,12.73,5.2,75.62,24.5,32.4,472.0,,,,,,,,,,,,,,,,,,,,,,,,,,,,,,,,,,,,,,,,,,,
rhesus,10,10216,2013-09-16,open access,awake,8.2,5.1,265.0,26.0,18.0,57.0,0.1,70.0,26.0,1.0,4.3,152.0,108.0,,5.1,,177.0,,25.0,,,,,2.03,7.62,46.0,,46.9,4.5,2.2,0.4,41.38,13.76,5.95,69.6,23.1,33.3,407.0,,,,,,,,,,,,,,,,,,,,,,,,,,,,,,,,,,,,,,,,,,,
rhesus,10,10208,2013-09-16,open access,awake,7.9,4.8,227.0,25.0,29.0,97.0,0.2,89.0,56.2,1.2,4.9,136.0,96.0,,5.1,,150.0,,67.0,,,,,2.13,11.86,54.1,,37.7,6.7,1.1,0.4,38.92,13.11,5.12,75.97,25.6,33.7,485.0,10208,BD,Rhesus,M,5.87554843699733,,,,,,43.88,2.6,,,,,,,1206.098368,80.07501618,,,,,,,2.140437601,,55.09136528,,,602.985841,,20.14459207,,,,,32.0183795,,,,
rhesus,10,10209,2013-09-16,open access,awake,7.4,4.6,258.0,39.0,33.0,71.0,0.2,93.0,23.4,0.8,4.2,147.0,104.0,,4.8,,209.0,,96.0,,,,,1.93,9.44,55.0,,39.2,4.2,1.1,0.5,40.21,13.18,5.77,69.69,22.8,32.8,415.0,10209,HD,Rhesus,M,5.83721773889949,,,,,,13.86,1.11,,,,,,,5105.406911,91.42688763,,,,,,,3.838897745,,73.34237238,,,678.0877241,,24.99465583,,,,,18.58403933,,,,
rhesus,10,10210,2013-09-16,open access,awake,7.3,5.0,163.0,50.0,34.0,62.0,0.2,64.0,20.3,1.1,4.2,145.0,106.0,,4.3,,118.0,,70.0,,,,,1.74,7.77,53.3,,38.9,5.3,2.0,0.5,42.13,14.0,5.72,73.67,24.5,33.2,376.0,10210,LD,Rhesus,M,6.16302867273113,,,,,,14.75,1.27,,,,,,,2782.829094,59.65548886,,,,,,,3.838897745,,61.61075768,,,498.5918199,,12.89073973,,,,,15.03048742,,,,
rhesus,10,10220,2013-09-16,open access,awake,7.3,4.8,295.0,24.0,17.0,71.0,0.2,84.0,11.6,0.9,4.3,147.0,106.0,,4.6,,166.0,,35.0,,,,,1.78,10.66,45.2,,49.1,3.8,1.3,0.6,40.2,13.06,5.81,69.16,22.5,32.5,436.0,,,,,,,,,,,,,,,,,,,,,,,,,,,,,,,,,,,,,,,,,,,
rhesus,10,10211,2013-09-16,open access,awake,7.3,4.5,231.0,24.0,21.0,63.0,0.2,71.0,30.3,1.2,4.9,145.0,106.0,,4.3,,196.0,,62.0,,,,,2.1,5.58,32.2,,62.1,4.5,0.9,0.3,39.55,12.99,5.54,71.35,23.4,32.9,452.0,10211,BD,Rhesus,M,5.01858354380993,,,,,,45.58,2.2,,,,,,,1728.381768,140.6136453,,,,,,,4.726683748,,55.09136528,,,551.2882695,,26.45123841,,,,,20.2247309,,,,
rhesus,10,10221,2013-09-16,open access,awake,7.6,4.5,306.0,32.0,21.0,72.0,0.2,66.0,17.5,1.0,4.1,148.0,107.0,,5,,235.0,,52.0,,,,,1.76,5.52,29.8,,63.8,4.8,1.3,0.3,38.71,12.79,5.34,72.47,24.0,33.0,446.0,,,,,,,,,,,,,,,,,,,,,,,,,,,,,,,,,,,,,,,,,,,
rhesus,10,10212,2013-09-16,open access,awake,7.7,4.5,629.0,30.0,31.0,87.0,0.1,100.0,24.6,1.1,4.3,145.0,103.0,,4.4,,133.0,,104.0,,,,,1.93,6.47,35.7,,58.7,4.0,1.2,0.4,41.29,13.78,5.64,73.18,24.4,33.4,193.0,10212,VHD,Rhesus,M,5.03774889285885,,,,,,45.66,1.51,,,,,,,2156.299282,81.14795967,,,,,,,4.375530419,,48.57197288,,,628.3962426,,20.14459207,,,,,13.04869725,,,,
rhesus,10,10222,2013-09-16,open access,awake,7.3,4.7,338.0,21.0,22.0,73.0,0.1,99.0,31.9,1.1,4.6,149.0,106.0,,4.8,,141.0,,63.0,,,,,1.94,7.37,43.0,,48.5,6.1,1.9,0.5,41.94,13.84,5.62,74.64,24.6,33.0,140.0,,,,,,,,,,,,,,,,,,,,,,,,,,,,,,,,,,,,,,,,,,,
rhesus,10,10217,2013-09-16,open access,awake,7.1,4.6,189.0,53.0,21.0,47.0,0.2,86.0,23.8,1.1,3.9,146.0,106.0,,5,,129.0,,40.0,,,,,1.97,6.36,36.9,,54.7,5.3,2.8,0.3,42.23,13.92,5.68,74.35,24.5,33.0,360.0,,,,,,,,,,,,,,,,,,,,,,,,,,,,,,,,,,,,,,,,,,,
rhesus,10,10213,2013-09-16,open access,awake,7.2,4.8,287.0,34.0,20.0,72.0,0.1,88.0,22.9,0.8,4.7,145.0,104.0,,5,,182.0,,42.0,,,,,2.04,6.07,37.0,,52.9,7.2,2.6,0.3,42.22,13.99,5.88,71.83,23.8,33.1,252.0,10213,LD,Rhesus,M,4.74205493610409,,,,,,39.8,1.11,,,,,,,1870.59092,52.64120898,,,,,,,4.019571782,,41.31355296,,,551.2882695,,44.46776987,,,,,6.340446415,,,,
rhesus,10,10218,2013-09-16,open access,awake,7.2,4.8,539.0,40.0,26.0,88.0,0.1,85.0,29.6,0.9,4.4,148.0,108.0,,5.4,,169.0,,89.0,,,,,1.97,6.13,19.9,,72.3,6.1,1.2,0.5,41.5,13.58,5.74,72.36,23.7,32.7,331.0,,,,,,,,,,,,,,,,,,,,,,,,,,,,,,,,,,,,,,,,,,,
rhesus,10,10214,2013-09-16,open access,awake,7.4,4.9,218.0,25.0,18.0,55.0,0.2,64.0,20.2,0.9,4.0,147.0,108.0,,4.6,,179.0,,172.0,,,,,2.01,13.28,51.1,,42.7,4.3,1.3,0.6,33.95,11.27,4.84,70.11,23.3,33.2,382.0,10214,VHD,Rhesus,M,5.03774889285885,,,,,,39.04,1.93,,,,,,,5453.662104,137.4629266,,,,,,,4.375530419,,79.38234649,,,703.8481008,,81.42238907,,,,,18.58403933,,,,
rhesus,10,10219,2013-09-16,open access,awake,7.4,4.8,460.0,28.0,28.0,81.0,0.1,70.0,29.9,1.0,4.4,147.0,106.0,,5.8,,197.0,,53.0,,,,,2.13,10.34,42.8,,50.2,5.5,0.8,0.7,45.31,14.92,6.5,69.76,23.0,32.9,427.0,,,,,,,,,,,,,,,,,,,,,,,,,,,,,,,,,,,,,,,,,,,
rhesus,10,10215,2013-09-16,open access,awake,7.8,4.9,251.0,25.0,21.0,63.0,0.2,88.0,40.1,1.0,4.7,140.0,100.0,,5.4,,180.0,,77.0,,,,,2.17,5.75,24.7,,65.9,7.9,0.9,0.6,40.82,13.73,5.67,71.95,24.2,33.6,342.0,10215,VHD,Rhesus,M,5.07607959095669,,,,,,26.34,1.49,,,,,,,4035.81147,128.7308674,,,,,,,5.586043134,,73.69070592,,,653.8066441,,14.82217269,,,,,18.58403933,,,,
rhesus,10,10223,2013-09-16,open access,awake,7.4,4.9,645.0,21.0,20.0,81.0,0.1,90.0,15.1,0.8,4.1,147.0,105.0,,5.3,,171.0,,106.0,,,,,1.76,7.23,44.3,,48.1,4.1,3.1,0.4,43.21,14.16,5.81,74.38,24.4,32.8,435.0,,,,,,,,,,,,,,,,,,,,,,,,,,,,,,,,,,,,,,,,,,,
cyno,13,10225,2015-05-14,open access,awake,7.9,4.4,267.0,54.0,39.0,,,85.0,11.7,0.8,4.8,143.0,,,,,, ,,,,,,,,,,,,,,,,,,,,,,,,,,,,,,,,,,,,,,,,,,,,,,,,,,,,,,,,,,,,,,,
cyno,13,10226,2015-05-14,open access,awake,7.2,4.3,108.0,21.0,31.0,,,96.0,15.4,0.9,4.4,145.0,,,,,,,,,,,,,,,,,,,,,,,,,,,,,,,,,,,,,,,,,,,,,,,,,,,,,,,,,,,,,,,,,,,,,
cyno,13,10227,2015-05-14,open access,awake,7.7,4.5,181.0,60.0,71.0,,,80.0,12.4,0.8,4.1,146.0,,,,,, ,,,,,,,,,,,,,,,,,,,,,,,,,,,,,,,,,,,,,,,,,,,,,,,,,,,,,,,,,,,,,,,
cyno,13,10228,2015-05-14,open access,awake,7.1,4.5,76.0,23.0,25.0,,,72.0,23.1,0.9,4.5,143.0,,,,,,,,,,,,,,,,,,,,,,,,,,,,,,,,,,,,,,,,,,,,,,,,,,,,,,,,,,,,,,,,,,,,,
cyno,13,10229,2015-05-14,open access,awake,7.8,4.3,198.0,24.0,27.0,,,73.0,13.4,0.9,4.3,144.0,,,,,,,,,,,,,9.25,36.9,,52.4,7.1,3.1,0.5,38.23,12.26,5.29,72.21,23.16,32.07,369.0,,,,,,,,,,,,,,,,,,,,,,,,,,,,,,,,,,,,,,,,,,,
cyno,13,10230,2015-05-14,open access,awake,7.4,4.3,201.0,47.0,44.0,,,99.0,15.2,1.0,4.2,145.0,,,,,,,,, ,,,,,,,,,,,,,,,,,,,,,,,,,,,,,,,,,,,,,,,,,,,,,,,,,,,,,,,,,,,,
cyno,13,10231,2015-05-14,open access,awake,7.1,4.3,205.0,48.0,39.0,,,76.0,16.2,0.9,4.6,144.0,,,,,,,,,,,,,,,,,,,,,,,,,,,,,,,,,,,,,,,,,,,,,,,,,,,,,,,,,,,,,,,,,,,,,
cyno,13,10232,2015-05-14,open access,awake,7.3,4.4,422.0,32.0,57.0,,,74.0,19.5,1.4,4.6,143.0,,,,,,,,,,,,,,,,,,,,,,,,,,,,,,,,,,,,,,,,,,,,,,,,,,,,,,,,,,,,,,,,,,,,,
cyno,13,10233,2015-05-14,open access,awake,7.1,4.2,166.0,34.0,33.0,,,60.0,15.9,1.0,4.3,146.0,,,,,,,,,,,,,,,,,,,,,,,,,,,,,,,,,,,,,,,,,,,,,,,,,,,,,,,,,,,,,,,,,,,,,
cyno,13,10234,2015-05-14,open access,awake,6.2,4.1,189.0,23.0,22.0,,,67.0,15.7,1.1,3.9,145.0,,,,,,,,,,,,,,,,,,,,,,,,,,,,,,,,,,,,,,,,,,,,,,,,,,,,,,,,,,,,,,,,,,,,,
cyno,13,10235,2015-05-14,open access,awake,7.4,4.5,157.0,81.0,46.0,,,68.0,12.0,0.9,4.8,141.0,,,,,, ,,,,,,,,,,,,,,,,,,,,,,,,,,,,,,,,,,,,,,,,,,,,,,,,,,,,,,,,,,,,,,,
cyno,13,10236,2015-03-19,open access,awake,7.6,4.2,179.0,58.0,54.0,38.0,0.1,87.0,14.6,1.1,4.3,142.0,108.0,,3.3,,76.0,,93.0,,,,,,10.79,49.6,,36.9,9.3,3.5,0.7,40.1,13.06,5.07,79.14,25.77,32.56,211.0,,,,,,,,,,,,,,,,,,,,,,,,,,,,,,,,,,,,,,,,,,,
rhesus,6a,10068,2010-12-22,open access,sedated,5.9,3.5,246.0,24.0,30.0,56.0,0.2,70.0,15.3,1.2,3.2,147.0,110.0,9.2,5,80.0,111.0,132,52.0,1.5,0.1,2.4,,,7.2,37.8,,55.9,4.0,1.6,0.7,34.2,11.5,4.65,73.6,24.8,33.7,363.0,,,,,,,,,,,,,,,,,,,,,,,,,,,,,,,,,,,,,,,,,,,
rhesus,6a,10069,2010-12-22,open access,sedated,6.8,4.1,203.0,25.0,29.0,53.0,0.2,69.0,13.3,0.4,3.5,147.0,107.0,9.6,4.5,55.0,159.0,247,228.0,1.5,,2.7,,,7.8,56.9,,38.8,2.7,1.1,0.5,30.2,10.2,4.08,74.0,25.0,33.9,492.0,10069,VHD,Rhesus,F,4.13697748755963,,,,,,15.25,1.55,2.4132593971,0.8095658021,29.74827270985,1.29708373695,1.26320825969999,212.40287188345,2100.84729465165,34.07715563035,8.43786293475,18.14186325925,1.4187953643,38.19332861895,176.4134258348,11.49651419625,0.29,0.3308454382,42.15071778425,0.059,24.64504425645,900.7676328952,93.5830587327,92.3814808004,436.51706680075,31.59647350975,204.31016810405,2.2933938453,303.5337531006,3.91359332955,0.29,204.31016810405,0.059
rhesus,6a,10070,2010-12-22,open access,sedated,6,4.0,170.0,12.0,27.0,35.0,0.2,83.0,17.6,0.4,3.3,146.0,110.0,9.8,6.4,30.0,144.0,189,33.0,2.0,,2,,,4.7,38.1,,57.2,3.3,0.7,0.7,31.5,10.4,4.23,74.5,24.7,33.1,463.0,10070,VHD,Rhesus,F,4.11781213851071,,,,,,13.33,2.0,2.82430757035,0.75512069515,36.29684119485,1.4242033025,1.48893043255,211.33859554115,3246.77785317165,183.4103983806,7.30780456925,18.55042602245,1.4386596392,62.4847756244,221.17481602215,21.5524219627,1.24042651069999,0.498502915,57.27593607075,0.059,37.6746042948,623.3234105682,103.754804942049,81.74835883655,495.0606582755,54.0338718966,497.809676847449,1.58870571995,307.36448217105,2.98458932685,0.29,497.809676847449,0.059
rhesus,6a,10071,2010-12-22,open access,sedated,6.6,3.8,137.0,20.0,29.0,40.0,0.1,59.0,15.7,0.8,3.6,150.0,111.0,9.7,4.4,46.0,156.0,96,110.0,1.4,,2.8,,,6.1,43.3,,50.3,4.2,1.5,0.7,30.8,10.5,4.16,74.1,25.1,33.9,479.0,,,,,,,,,,,,,,,,,,,,,,,,,,,,,,,,,,,,,,,,,,,
rhesus,6a,10076,2010-12-22,open access,sedated,6,3.9,349.0,14.0,27.0,52.0,0.2,79.0,10.8,0.7,3.8,146.0,107.0,9.8,6.8,65.0,85.0,267,70.0,1.9,,2.1,,,4.6,35.3,,57.4,5.4,1.6,0.3,32.4,10.7,4.62,70.1,23.2,33.0,419.0,,,,,,,,,,,,,,,,,,,,,,,,,,,,,,,,,,,,,,,,,,,
rhesus,6a,10078,2010-12-22,open access,sedated,6,3.9,94.0,24.0,34.0,44.0,0.2,68.0,11.1,0.5,3.5,150.0,111.0,9.5,6.3,96.0,115.0,254,209.0,1.9,,2.1,,,7.5,42.2,,51.9,4.0,1.3,0.6,38.2,12.7,5.54,69.0,22.9,33.2,435.0,10078,VHD,Rhesus,F,3.83580771679089,,,,,,14.02,1.47,0.18,0.6094027242,26.501827977,1.0817452034,0.8261385602,298.5251672019,995.9925382293,169.8613664777,7.1206313647,17.324989408,1.4263159381,30.0608340298,154.3144609231,1.5192211889,0.29,0.4154349682,42.3037705371,0.059,19.5003411621,539.0484126735,99.1969588913,95.4893417669,331.7383944005,25.3334320255,165.6552483489,2.5911676637,237.4803675898,5.2082723856,0.29,165.6552483489,0.059
rhesus,6a,10079,2010-12-22,open access,sedated,6.3,3.8,167.0,20.0,28.0,37.0,0.1,67.0,10.0,0.6,3.7,153.0,113.0,9.9,4.6,78.0,120.0,272,52.0,1.5,,2.5,,,4.6,38.2,,52.8,6.9,1.5,0.6,38.1,12.9,4.92,77.4,26.2,33.8,436.0,,,,,,,,,,,,,,,,,,,,,,,,,,,,,,,,,,,,,,,,,,,
rhesus,6a,10080,2010-12-22,open access,sedated,6.3,4.0,118.0,22.0,40.0,42.0,0.3,53.0,10.1,0.5,3.8,151.0,112.0,9.9,5.7,14.0,132.0,334,141.0,1.7,0.1,2.3, ,,6.9,45.0,,48.3,4.9,1.1,0.7,35.6,11.8,5.02,70.8,23.5,33.1,226.0,10080,VHD,Rhesus,F,4.15614283660855,,,,,,15.72,1.29,4.2427695047,4.938002336,27.4962698434,1.47989499,1.5536952359,405.6237851542,1174.9748085818,201.8712226519,6.8050423044,14.8065401217,0.7896174673,26.4381054184,295.0881495647,17.8964562837,0.88,0.5698781062,46.5939901766,0.6537354134,11.3922951516,275.9008002072,55.1544689382,37.7213106898,2431.1272152504,18.4126643141,94.1649563092,1.9743683401,52.7963109167,2.6933826401,2.1147303323,94.1649563092,0.6537354134
rhesus,6a,10081,2010-12-22,open access,sedated,6.4,3.9,376.0,20.0,31.0,48.0,0.2,55.0,13.8,0.9,3.5,149.0,110.0,10.3,4.8,92.0,133.0,243,179.0,1.6,0.1,2.5, ,,7.7,43.2,,49.7,5.2,1.0,0.9,40.0,13.4,5.25,76.2,25.5,33.5,514.0,10081,VHD,Rhesus,F,4.15614283660855,,,,,,18.49,1.41,16.56420006695,0.5338972554,17.9686133085,1.15723620465,4.9174096074,261.5202066934,729.74006397275,69.9388710559,5.95724512565,16.976744718,1.2410556353,79.9634550067,156.10800102635,18.41575318495,0.29,0.33770459625,51.79560658335,0.059,56.98738793625,943.82584551685,65.40929717475,64.91199116225,334.657417483,15.0047657689,77.7083686858,1.78340550195,207.966300381,4.35411402745,0.29,77.7083686858,0.059
rhesus,6b,10072,2012-05-30,open access,sedated,6.2,3.8,96.0,22.0,25.0,47.0,0.5,65.0,17.3,0.7,3.8,147.0,106.0,9.5,2.8,254.0,130.0,291,34.0,1.6,0.1,2.4,,,8.03,59.4,,33.7,3.8,2.2,0.9,34.77,11.7,4.91,70.88,23.9,33.7,292.0,10072,LD,Rhesus,F,5.8344798318925,,,,,,20.0,1.43,0.55,3.7321604141,54.22963975495,1.6079398783,0.51414262,968.6192650045,1455.47537667005,91.4534517366,4.59582161195,13.7300110362,0.47807551115,19.1446622389499,96.8848667229,5.83810707405,2.6,0.311494850999999,41.8675149071,0.378840009499999,8.79696686715,1182.83990635874,25.2037188443,25.1716205038,1895.47270633725,16.8481294568,97.4047249342999,2.29283181754999,19.79733581095,2.4082866352,0.395192384899999,97.4047249342999,0.378840009499999
rhesus,6b,10073,2012-05-30,open access,sedated,7.6,5.1,130.0,25.0,24.0,53.0,0.6,58.0,19.3,0.6,3.9,150.0,103.0,10.3,5.4,181.0,150.0,158,23.0,2.0,0.1,2.5,,,5.1,58.0,,34.8,4.2,2.7,0.3,32.87,11.35,4.77,68.91,23.8,34.5,486.0,10073,VHD,Rhesus,F,5.62913680636837,,,,,,11.17,0.879,0.55,4.721183027,20.7231054062,1.4943114538,0.7831667797,463.1260287503,237.0077815857,199.3040957519,4.0414772583,1.34,0.3780445452,35.0681409225,131.2770952898,3.0637819576,2.6,0.1093958767,24.3867176231,0.0725192382,9.2101509979,444.0307643024,24.8837450911,11.9684207853,377.2295971521,10.3662925957,33.3280209927,0.9845445579,23.7386328469,0.8142316966,0.2,33.3280209927,0.0725192382
rhesus,6b,10187,2012-05-30,open access,sedated,6.7,4.7,213.0,14.0,19.0,55.0,0.7,71.0,15.3,1.1,3.5,147.0,102.0,9.3,6.4,164.0,165.0,239,50.0,2.4,0.1,2,,,6.37,43.1,,48.4,5.2,2.4,0.9,37.89,13.0,5.29,71.6,24.6,34.3,464.0,,,,,,,,,,,,,,,,,,,,,,,,,,,,,,,,,,,,,,,,,,,
rhesus,6b,10074,2011-05-23,open access,sedated,6.1,3.9,276.0,36.0,,,0.05,150.0,16.0,0.73,6.0,114.0,84.0,,3.9,,,,,,,, ,,7.4,35.5,,54.2,8.8,0.8,0.7,33.9,11.5,4.95,68.6,23.2,33.8,386.0,10074,LD,Rhesus,F,5.58533029425655,,,,,,15.54,0.782,1.34104494605,15.6906787256,48.46612793885,3.8824102222,3.038555399,427.505457432249,2196.9650339749,378.30700067985,8.89828204965,18.1063454837499,0.5907586138,47.6733174972,224.08413969675,8.37803755335,2.6,0.15979595,55.8659559999,0.7974762019,27.7752853226,1600.1911333622,39.59191040175,27.5720095513,2035.124017567,23.88095312805,143.2468380508,6.18145095004999,51.15889744595,2.4082866352,0.2,143.2468380508,0.7974762019
rhesus,6b,10075,2011-12-06,open access,sedated,6.3,4.2,129.0,30.0,32.0,45.0,0.2,54.0,16.8,0.8,3.6,149.0,109.0,9,2.9,142.0,115.0,311,37.0,2.0,0.1,2.1,,,6.7,58.6,,32.9,6.3,1.8,0.4,29.9,10.5,4.41,67.7,23.8,35.1,378.0,10075,HD,Rhesus,F,5.8344798318925,,,,,,12.72,0.921,1.55816590769999,4.73658644345,37.10637119575,1.83480729865,1.66060639475,340.678852672299,1585.91595066035,176.9672478199,7.02671608614999,14.9191838894,0.5527187109,36.8474942832,244.9107695831,14.71993771685,2.6,0.10939587665,45.9415514442499,0.38915081625,13.86537229625,762.024038966799,39.5434949591,41.26552094555,1758.21909918145,18.85212973445,56.8583209656499,2.82873861505,30.72374134315,1.6112591659,0.5568652433,56.8583209656499,0.38915081625
rhesus,6b,10188,2012-05-30,open access,sedated,6.7,4.5,248.0,39.0,40.0,55.0,0.6,72.0,24.9,0.9,3.9,148.0,103.0,9.6,5.4,115.0,158.0,562,68.0,2.0,0.1,2.2,,,4.11,46.9,,47.3,2.9,2.6,0.3,34.45,11.66,5.15,66.92,22.7,33.8,368.0,,,,,,,,,,,,,,,,,,,,,,,,,,,,,,,,,,,,,,,,,,,
rhesus,6b,10077,2012-05-30,open access,sedated,6.4,4.4,99.0,16.0,22.0,54.0,0.7,56.0,14.7,0.7,3.4,146.0,103.0,9.6,4.9,147.0,112.0,303,23.0,2.2,0.1,2,,,7.03,39.0,,48.0,5.0,8.0,0.0,34.07,11.48,4.74,71.89,24.2,33.7,355.0,10077,LD,Rhesus,F,6.04256076442363,,,,,,17.49,1.25,0.55,4.9663141358,29.3065707932,2.0616794935,1.135159853,167.0386698383,1206.5237526733,124.7239141018,42.3983375482,16.6192142592,0.5273309447,17.2565796927,77.0758344798,9.350521677,2.6,0.1597298502,46.1180155194,0.3199233017,13.4327695151,451.8204677413,216.0176560153,54.9530913414,1622.0715337089,16.8481294568,33.3280209927,2.1452444429,20.4638057083,2.4082866352,3.7797057274,33.3280209927,0.3199233017
rhesus,7a,10087,2011-05-17,open access,sedated,6.9,4.4,300.0,23.0,42.0,129.0,0.6,68.0,15.8,0.8,3.8,148.0,108.0,9,7.5,151.0,174.0,275,69.0,1.8,,2.5,0,,6.0,39.4,,53.5,4.5,1.9,0.7,35.9,12.2,5.32,67.3,22.8,33.9,410.0,10087,BD,Rhesus,M,4.35601004811871,,,,,,14.21,0.788,,,,,,,,,,,,,,,,,,,,,,,,,,,,,,,
rhesus,7a,10088,2011-05-17,open access,sedated,7.3,4.5,422.0,11.0,40.0,61.0,0.6,49.0,16.1,0.9,4.4,151.0,111.0,9.7,6.4,169.0,158.0,235,145.0,2.8,,1.6,0,,6.6,60.6,,33.3,4.8,0.8,0.5,35.7,12.1,5.21,68.5,23.2,33.9,539.0,10088,HD,Rhesus,M,4.48742958445416,,,,,,26.96,1.83,3.879154226,3.3323006888,31.03463440115,1.15455986295,2.04481058865,252.58241612975,254.9919545417,122.28928952325,4.3909248545,10.8719733377,0.1937950088,63.12146990375,137.943841254199,8.4614957759,7.07650403245,0.15923833595,35.5637910513,0.389843161199999,12.9604040413999,428.292757045849,32.9615190628,18.66514740005,524.1472112889,7.7455069487,56.7071140641,1.60284787655,56.304065949,1.76818553285,0.1521804534,56.7071140641,0.389843161199999
rhesus,7a,10089,2011-05-17,open access,sedated,6.4,4.1,399.0,9.0,31.0,77.0,0.6,69.0,14.7,1.1,3.6,148.0,111.0,9.4,6.2,91.0,132.0,154,58.0,1.8,,2.3,0,,6.2,49.2,,43.0,5.6,1.8,0.4,38.6,13.2,5.91,65.3,22.4,34.3,550.0,,,,,,,,,,,,,,,,,,,,,,,,,,,,,,,,,,,,,,,,,,,
rhesus,7a,10090,2011-05-17,open access,sedated,7,4.6,313.0,6.0,31.0,59.0,0.6,57.0,19.2,0.8,4.0,151.0,113.0,9.4,5.7,135.0,147.0,135,111.0,1.9,,2.4,0,,4.9,32.7,,60.7,4.5,1.5,0.6,37.2,12.7,5.11,72.7,24.8,34.1,414.0,10090,LD,Rhesus,M,4.25470748886014,,,,,,35.95,1.53,2.4763822448,2.8799503298,14.4043321967,1.0743070128,1.3704343226,287.2032972328,333.4747517202,119.2311437304,4.7664132653,8.3141568281,0.7283539829,30.9557069041,264.9821234532,9.5901388525,0.88,0.4146418138,23.1603259323,0.4380841429,5.7441746113,821.6390228991,36.9848615137,36.9155386166,779.3441896775,10.9759102068,74.5630188331,1.3543803806,57.2396233963,2.6933826401,0.29,74.5630188331,0.4380841429
rhesus,7a,10091,2011-05-17,open access,sedated,6.6,4.5,257.0,21.0,45.0,96.0,0.5,47.0,23.9,0.9,3.9,149.0,110.0,9,5.4,164.0,177.0,304,147.0,2.1,,2.1,0,,9.2,34.5,,61.1,2.7,1.0,0.7,35.7,12.2,5.47,65.2,22.2,34.1,450.0,10091,VHD,Rhesus,M,4.34505842009076,,,,,,20.46,1.41,3.1418519805,4.7326542743,0.8359365724,1.1412907881,1.1868085936,66.6814769245,481.3616245764,126.5271046873,2.2866167938,10.1469499311,0.6078268452,171.8315162808,94.2785939933,5.9993907273,0.88,0.1848755312,20.6218441807,0.346758586,9.9130206611,371.4873125534,28.987777311,16.5659246075,817.0631283162,9.6130216292,31.7697035311,0.9771175299,59.4136599911,1.5795028799,0.29,31.7697035311,0.346758586
rhesus,7a,10092,2011-05-17,open access,sedated,6.4,4.4,368.0,20.0,49.0,47.0,0.7,56.0,17.7,0.7,4.8,148.0,109.0,9.3,6.4,209.0,164.0,472,89.0,2.2,,2,0,,8.6,44.6,,49.8,3.7,1.2,0.7,41.5,14.3,5.67,73.2,25.2,34.5,523.0,10092,LD,Rhesus,M,4.29577609396496,,,,,,24.79,0.987,6.3444650778,3.07080476655,16.8459807425,1.0743070128,2.1023847354,188.57640967545,1282.27006667329,103.4700240635,4.41674570705,12.43462816425,0.74383287545,69.9256032514,175.68101181915,7.80046783929999,0.88,0.2610695625,30.50042971325,0.4375184692,9.30094702545,497.86721443575,33.6304596967,40.86233230355,1737.0806116457,16.56323589395,86.8455835757,1.98080364585,60.38399641135,2.6933826401,0.450327463,86.8455835757,0.4375184692
rhesus,7a,10093,2011-09-14,open access,sedated,6.7,4.6,210.0,21.0,17.0,67.0,0.3,78.0,18.7,0.7,3.4,153.0,109.0,8.8,5,166.0,114.0,226,47.0,2.2,,2.1,0,,8.0,50.7,,41.6,6.2,1.1,0.4,36.5,12.2,5.04,72.4,24.3,33.5,286.0,,,,,,,,,,,,,,,,,,,,,,,,,,,,,,,,,,,,,,,,,,,
rhesus,7a,10094,2010-04-08,open access,sedated,6.8,4.8,607.0,31.0,47.0,68.0,0.3,62.0,14.5,0.7,3.8,147.0,117.0,9.3,6.4,111.0,129.0,386,33.0,2.4,,2,0,,7.6,63.9,0.0,30.4,3.2,1.9,0.6,38.5,12.5,5.06,76.0,24.7,32.5,424.0,,,,,,,,,,,,,,,,,,,,,,,,,,,,,,,,,,,,,,,,,,,
rhesus,7a,10095,2011-05-17,open access,sedated,7.1,4.6,428.0,32.0,39.0,82.0,0.7,60.0,15.5,0.9,3.9,149.0,112.0,9.6,4.7,139.0,168.0,119,70.0,1.8,,2.5,0,,8.8,61.6,,31.1,4.5,2.1,0.7,42.7,14.5,5.74,74.4,25.3,34.0,286.0,,,,,,,,,,,,,,,,,,,,,,,,,,,,,,,,,,,,,,,,,,,
rhesus,7a,10096,2011-05-17,open access,sedated,6.4,4.3,508.0,32.0,47.0,116.0,0.6,67.0,14.0,0.9,4.1,150.0,114.0,9.6,6.1,102.0,149.0,327,61.0,2.0,,2.1,0,,7.2,36.0,,57.0,4.9,1.6,0.5,37.8,13.0,4.95,76.4,26.2,34.4,477.0,,,,,,,,,,,,,,,,,,,,,,,,,,,,,,,,,,,,,,,,,,,
rhesus,7a,10097,2011-05-17,open access,sedated,6.9,4.7,292.0,16.0,45.0,78.0,0.6,72.0,16.3,0.9,3.5,149.0,109.0,9.3,4.8,101.0,166.0,227,51.0,2.1,,2.2,0,,6.0,43.7,,49.8,4.2,1.8,0.5,36.3,12.3,4.98,72.9,24.6,33.8,408.0,10097,HD,Rhesus,M,4.3341067920628,,,,,,43.97,1.23,3.8961968938,4.2745837438,53.8204389828,1.9305624683,2.7190033402,261.0807418902,2650.4710595635,130.9871210605,7.359022947,15.2975962193,0.3834414817,18.7877125312,189.5739541281,14.778797411,0.88,0.1386519698,51.5405080824,1.2012278871,10.4214532879,1087.8974251509,54.3675104543,629.8515277352,2340.7981784067,17.5030573889,131.5109406487,2.6311321089,64.9257512655,2.5346666246,0.6052916977,131.5109406487,1.2012278871
rhesus,7a,10098,2011-05-17,open access,sedated,7,4.6,275.0,25.0,41.0,85.0,0.8,63.0,27.1,0.8,4.1,150.0,111.0,9.4,6.7,146.0,196.0,161,219.0,1.9,,2.4,0,,4.8,25.8,,68.7,3.7,1.1,0.7,36.4,12.8,5.15,70.6,24.9,35.3,455.0,,,,,,,,,,,,,,,,,,,,,,,,,,,,,,,,,,,,,,,,,,,
rhesus,7b,10182,2012-03-12,open access,sedated,6.7,3.8,133.0,21.0,,,,54.0,23.5,1.12,4.6,140.0,,,,,,,,,,,,,5.22,52.8,,40.3,4.4,2.1,0.4,33.77,11.84,4.97,67.99,23.9,35.1,327.0,,,,,,,,,,,,,,,,,,,,,,,,,,,,,,,,,,,,,,,,,,,
rhesus,7b,10082,2011-09-14,open access,sedated,6.9,4.6,217.0,25.0,22.0,50.0,0.3,70.0,23.6,1.0,3.3,154.0,115.0,9,2.4,96.0,142.0,132,35.0,2.0,,2.3,0,,8.7,73.2,,19.0,6.6,0.8,0.4,38.7,13.0,5.32,72.8,24.4,33.6,417.0,10082,HD,Rhesus,M,6.29171030205959,26.59,154.5,368.0,235.676,0.15,41.6,2.84,,,,,,,,,,,,,,,,,,,,,,,,,,,,,,,
rhesus,7b,10083,2011-09-14,open access,sedated,7.1,4.5,107.0,16.0,15.0,68.0,0.3,78.0,11.2,0.8,4.1,153.0,114.0,9.2,4.8,167.0,143.0,113,61.0,1.7,,2.6,0,,5.3,54.5,,39.4,4.6,1.2,0.3,36.3,12.2,5.06,71.7,24.1,33.7,380.0,10083,LD,Rhesus,M,5.79341122678768,22.01,70.07,299.0,131.624,0.133,11.57,0.944,,,,,,,,,,,,,,,,,,,,,,,,,,,,,,,
rhesus,7b,10084,2011-09-14,open access,sedated,7,4.7,192.0,22.0,24.0,53.0,0.4,62.0,14.3,0.9,4.3,153.0,110.0,9.4,5.1,118.0,134.0,385,88.0,2.0,,2.3,0,,5.4,43.8,,48.8,5.6,1.2,0.6,44.4,14.6,6.12,72.5,23.9,32.9,254.0,10084,LD,Rhesus,M,5.65651587643825,32.15,64.14,397.0,129.785,0.087,32.91,1.89,,,,,,,,,,,,,,,,,,,,,,,,,,,,,,,
rhesus,7b,10183,2012-03-13,open access,sedated,6.3,3.8,215.0,33.0,,,,47.0,15.5,0.96,4.3,145.0,,,,,,,,,,,,,5.12,40.7,,52.4,4.4,2.1,0.4,35.7,12.35,5.3,67.36,23.3,34.6,182.0,,,,,,,,,,,,,,,,,,,,,,,,,,,,,,,,,,,,,,,,,,,
rhesus,7b,10085,2011-09-14,open access,sedated,6.7,4.8,136.0,26.0,25.0,54.0,0.2,52.0,23.5,0.9,4.0,153.0,109.0,9,5.3,112.0,175.0,287,55.0,2.5,,1.9,0,,8.1,61.6,,31.7,5.2,0.9,0.6,33.4,11.3,4.77,69.9,23.7,33.9,530.0,10085,LD,Rhesus,M,5.86459680896938,17.96,110.4,325.0,59.784,0.184,29.05,1.53,,,,,,,,,,,,,,,,,,,,,,,,,,,,,,,
rhesus,7b,10184,2012-03-13,open access,sedated,7,4.1,100.0,45.0,,,,68.0,17.7,1.05,3.7,145.0,,,,,,,,,,,,,7.33,57.3,,33.6,6.4,2.4,0.3,37.77,12.93,5.43,69.59,23.8,34.2,368.0,,,,,,,,,,,,,,,,,,,,,,,,,,,,,,,,,,,,,,,,,,,
rhesus,7b,10086,2011-09-14,open access,sedated,6.6,4.3,120.0,36.0,31.0,64.0,0.3,48.0,16.8,0.8,3.5,152.0,109.0,9.1,4.8,138.0,174.0,229,124.0,1.9,,2.3,0,,6.5,58.7,,34.8,4.5,1.0,1.0,36.5,12.5,5.12,71.3,24.5,34.4,401.0,10086,BD,Rhesus,M,5.64282634140331,12.86,22.47,243.0,45.048,0.151,26.91,0.991,,,,,,,,,,,,,,,,,,,,,,,,,,,,,,,
rhesus,7b,10185,2012-03-12,open access,sedated,6.9,4.1,104.0,29.0,,,,57.0,11.3,0.62,3.7,138.0,,,,,,,,,,,,,10.03,59.1,,29.5,7.7,3.2,0.5,32.74,11.55,4.75,68.96,24.3,35.3,324.0,,,,,,,,,,,,,,,,,,,,,,,,,,,,,,,,,,,,,,,,,,,
rhesus,14,10249,2017-02-14,open access,sedated,6.5,4.4,225.0,24.0,35.0,71.0,0.2,62.0,21.7,0.8,3.7,146.0,107.0,,5.6,,108.0,,65.0,,,,,1.8,4.69,,,,,,,35.92,11.68,5.02,71.56,23.26,32.5,346.0,10249,VHD,Rhesus,M,5.28416052348781,,,,,,,,,,,,,,9404.961672,175.9385963,,,,,,,3.857319005,,111.363111,,,1236.455822,,55.0768718,,,,,30.91697752,,,,
rhesus,14,10250,2017-02-16,open access,sedated,6.5,4.5,303.0,27.0,23.0,61.0,0.2,67.0,22.5,0.7,3.4,147.0,109.0,,5.8,,147.0,,41.0,,,,,1.76,5.01,,,,,,,39.0,13.01,5.26,74.16,24.73,33.35,220.0,,,,,,,,,,,,,,,,,,,,,,,,,,,,,,,,,,,,,,,,,,,
rhesus,14,10251,2017-02-14,open access,sedated,6.6,4.5,637.0,25.0,31.0,103.0,0.1,66.0,21.1,0.6,3.3,150.0,111.0,,5,,136.0,,107.0,,,,,1.93,5.7,,,,,,,37.62,12.32,5.31,70.84,23.19,32.74,322.0,,,,,,,,,,,,,,,,,,,,,,,,,,,,,,,,,,,,,,,,,,,
rhesus,14,10252,2017-02-08,open access,sedated,6.3,3.9,350.0,33.0,37.0,85.0,0.2,58.0,18.3,0.7,3.5,148.0,110.0,,4.6,,139.0,,147.0,,,,,1.47,3.73,,,,,,,38.42,12.76,5.34,71.91,23.87,33.2,293.0,10252,VHD,Rhesus,M,5.2649951744389,,,,,,,,,,,,,,2556.896505,336.2354683,,,,,,,6.826923756,,99.87762611,,,502.7822344,,57.51628261,,,,,30.97215925,,,,
rhesus,14,10241,2017-02-08,open access,sedated,6.6,4.4,596.0,23.0,28.0,81.0,0.1,69.0,20.4,0.8,4.5,147.0,111.0,,5.9,,143.0,,51.0,,,,,1.87,4.59,,,,,,,35.76,11.81,4.85,73.71,24.34,33.02,352.0,,,,,,,,,,,,,,,,,,,,,,,,,,,,,,,,,,,,,,,,,,,
rhesus,14,10242,2017-02-14,open access,sedated,7.3,4.8,249.0,34.0,38.0,81.0,0.2,60.0,17.0,0.8,3.8,148.0,110.0,,5.7,,134.0,,143.0,,,,,1.81,7.98,,,,,,,37.74,12.41,5.2,72.59,23.88,32.89,435.0,10242,VHD,Rhesus,M,5.19380959225719,,,,,,,,,,,,,,2278.033396,237.9594565,,,,,,,3.518542633,,94.00566273,,,806.185917,,18.10845482,,,,,34.99366283,,,,
rhesus,14,10243,2017-02-08,open access,sedated,6.4,4.3,605.0,32.0,29.0,84.0,0.2,68.0,16.4,0.5,3.6,143.0,108.0,,6.4,,115.0,,103.0,,,,,1.57,3.96,,,,,,,35.75,11.71,5.0,71.51,23.43,32.76,380.0,10243,LD,Rhesus,M,5.43748331587917,,,,,,,,,,,,,,3897.247351,221.02921,,,,,,,3.966920403,,94.00566273,,,1736.683494,,36.2405919,,,,,37.57114363,,,,
rhesus,14,10244,2017-02-16,open access,sedated,6.8,4.6,325.0,24.0,35.0,79.0,0.3,70.0,21.1,0.8,3.8,147.0,107.0,,5.9,,170.0,,76.0,,,,,1.74,11.51,,,,,,,38.33,12.68,5.39,71.11,23.53,33.09,374.0,10244,VHD,Rhesus,M,5.32796703559963,,,,,,,,,,,,,,4143.048596,401.4089539,,,,,,,9.414071191,,127.7744537,,,806.185917,,36.2405919,,,,,29.56079679,,,,
rhesus,14,10245,2017-02-14,open access,sedated,6.3,4.3,518.0,41.0,35.0,81.0,0.2,54.0,20.2,0.6,3.4,147.0,111.0,,6.2,,158.0,,40.0,,,,,1.62,5.74,,,,,,,33.29,11.1,4.79,69.44,23.15,33.34,295.0,,,,,,,,,,,,,,,,,,,,,,,,,,,,,,,,,,,,,,,,,,,
rhesus,14,10246,2017-02-16,open access,sedated,6.6,4.4,258.0,21.0,23.0,54.0,0.2,78.0,17.6,0.8,3.8,145.0,107.0,,6.1,,145.0,,34.0,,,,,1.65,7.19,,,,,,,38.03,12.75,5.3,71.8,24.08,33.53,334.0,10246,LD,Rhesus,M,5.17464424320827,,,,,,,,,,,,,,2005.488222,399.9528717,,,,,,,7.591752979,,127.5919995,,,1027.486786,,75.1892254,,,,,28.14943432,,,,
rhesus,14,10247,2017-02-16,open access,sedated,6.4,4.5,393.0,37.0,45.0,81.0,0.2,70.0,22.3,0.7,3.6,146.0,107.0,,6.2,,150.0,,118.0,,,,,1.7,5.88,,,,,,,37.53,12.29,5.63,66.69,21.84,32.74,305.0,10247,VHD,Rhesus,M,5.25130563940395,,,,,,,,,,,,,,4296.149362,363.2550169,,,,,,,7.404368239,,114.1991006,,,748.3809762,,33.74286569,,,,,42.50487721,,,,
rhesus,14,10248,2017-02-08,open access,sedated,7.1,4.7,389.0,25.0,25.0,89.0,0.1,65.0,22.5,0.6,4.3,147.0,105.0,,5,,268.0,,114.0,,,,,1.82,6.5,,,,,,,37.5,12.72,5.57,67.3,22.82,33.91,286.0,10248,VHD,Rhesus,M,5.39093889676037,,,,,,,,,,,,,,2438.544585,211.2246731,,,,,,,5.020209934,,99.87762611,,,597.8454468,,61.47537851,,,,,28.14943432,,,,
rhesus,16,10260,2019-02-04,open access,awake,8.1,4.7,90.0,48.0,42.0,96.0,0.1,72.0,17.6,0.9,4.3,149.0,101.0,,5.2,,211.0,,180.0,,,,,2.1,7.8,53.0,1.0,29.2,4.2,5.0,0.3,41.3,13.6,5.89,70.0,23.0,32.9,359.0,,,,,,,,,,,,,,,,,,,,,,,,,,,,,,,,,,,,,,,,,,,
rhesus,16,10254,2019-02-06,open access,sedated,7,3.9,149.0,18.0,39.0,41.0,0.1,67.0,14.7,0.6,4.1,146.0,109.0,,5.1,,198.0,,30.0,,,,,1.6,7.2,61.6,,32.1,4.3,1.6,0.4,39.1,12.7,5.55,70.0,22.9,32.5,380.0,,,,,,,,,,,,,,,,,,,,,,,,,,,,,,,,,,,,,,,,,,,
rhesus,16,10261,2019-02-06,open access,sedated,7.4,4.6,166.0,64.0,38.0,79.0,0.1,52.0,22.1,0.8,3.9,150.0,105.0,,6.5,,177.0,,101.0,,,,,2.1,7.1,50.5,,41.2,4.3,3.1,0.9,37.9,12.4,5.38,70.0,23.1,32.8,282.0,,,,,,,,,,,,,,,,,,,,,,,,,,,,,,,,,,,,,,,,,,,
rhesus,16,10262,2019-02-06,open access,sedated,7.3,4.4,355.0,45.0,41.0,77.0,0.1,68.0,11.3,0.7,4.2,144.0,104.0,,4.1,,136.0,,86.0,,,,,1.9,7.6,34.6,,57.8,4.1,2.7,0.8,34.0,11.2,4.71,72.0,23.7,32.8,330.0,,,,,,,,,,,,,,,,,,,,,,,,,,,,,,,,,,,,,,,,,,,
rhesus,16,10264,2019-02-06,open access,sedated,6.8,4.0,267.0,48.0,45.0,53.0,0.2,57.0,17.5,0.8,4.1,145.0,104.0,,5.8,,144.0,,61.0,,,,,1.9,6.8,35.4,,57.8,4.5,1.9,0.4,35.9,11.8,4.77,75.0,24.8,33.0,368.0,,,,,,,,,,,,,,,,,,,,,,,,,,,,,,,,,,,,,,,,,,,
rhesus,16,10263,2019-02-04,open access,awake,7.7,4.4,154.0,60.0,34.0,70.0,0.1,61.0,15.5,0.6,4.5,143.0,109.0,,5.7,,149.0,,91.0,,,,,1.8,6.5,49.6,,43.0,5.2,2.0,0.2,40.9,13.6,5.47,75.0,24.8,33.2,230.0,,,,,,,,,,,,,,,,,,,,,,,,,,,,,,,,,,,,,,,,,,,
rhesus,16,10265,2019-02-06,open access,sedated,6.6,4.3,372.0,23.0,32.0,71.0,0.2,69.0,21.4,0.8,3.9,145.0,105.0,,6.9,,136.0,,65.0,,,,,2.0,5.3,7.9,0.0,72.0,4.5,15.4,0.2,39.3,13.1,5.56,71.0,23.6,33.4,389.0,,,,,,,,,,,,,,,,,,,,,,,,,,,,,,,,,,,,,,,,,,,
rhesus,16,10256,2019-02-04,open access,awake,7.6,4.5,249.0,67.0,58.0,52.0,0.2,63.0,16.7,0.5,4.1,146.0,105.0,,4.8,,171.0,,94.0,,,,,2.1,6.5,35.5,,52.3,7.7,4.1,0.4,39.8,12.9,5.49,72.0,23.5,32.5,303.0,,,,,,,,,,,,,,,,,,,,,,,,,,,,,,,,,,,,,,,,,,,
rhesus,16,10257,2019-02-06,open access,sedated,7.4,4.1,296.0,49.0,45.0,63.0,0.2,58.0,12.5,0.6,4.3,147.0,109.0,,6.6,,163.0,,159.0,,,,,2.1,13.3,35.8,,56.8,5.6,1.2,0.6,38.2,12.3,4.99,77.0,24.7,32.2,451.0,,,,,,,,,,,,,,,,,,,,,,,,,,,,,,,,,,,,,,,,,,,
rhesus,16,10258,2019-02-04,open access,awake,7.8,4.9,334.0,41.0,30.0,46.0,0.2,64.0,16.9,0.5,3.9,148.0,107.0,,4.4,,132.0,,147.0,,,,,1.9,5.1,26.0,,68.0,3.8,1.9,0.3,38.1,12.3,4.93,77.0,25.0,32.4,329.0,,,,,,,,,,,,,,,,,,,,,,,,,,,,,,,,,,,,,,,,,,,
rhesus,16,10259,2019-02-06,open access,sedated,6.7,3.9,354.0,22.0,32.0,54.0,0.1,60.0,21.2,0.5,4.1,148.0,112.0,,5,,161.0,,64.0,,,,,2.3,8.7,46.4,,47.4,2.8,2.8,0.6,37.1,12.0,5.01,74.0,24.0,32.5,373.0,,,,,,,,,,,,,,,,,,,,,,,,,,,,,,,,,,,,,,,,,,,
rhesus,17,10320,2021-08-10,open access,sedated,6.8,4.3,206.0,54.0,41.0,82.0,0.11,79.0,16.3,0.6,3.5,145.0,107.0,,5,,151.0,,37.0,,,,,1.7,5.9,34.8,,59.9,3.5,1.5,0.3,37.4,12.3,5.32,70.0,23.1,32.8,549.0,,,,,,,,,,,,,,,,,,,,,,,,,,,,,,,,,,,,,,,,,,,
rhesus,17,10323,2021-08-10,open access,sedated,7.3,4.1,115.0,39.0,56.0,65.0,0.12,54.0,10.4,0.5,3.5,145.0,108.0,,3.9,,167.0,,72.0,,,,,1.8,9.1,56.2,,35.2,5.8,2.3,0.5,38.2,12.4,4.71,81.0,26.4,32.6,318.0,,,,,,,,,,,,,,,,,,,,,,,,,,,,,,,,,,,,,,,,,,,
rhesus,17,10327,2021-08-13,open access,sedated,7.1,4.4,130.0,93.0,66.0,87.0,0.12,73.0,16.6,0.9,4.0,146.0,108.0,,5,,131.0,,89.0,,,,,1.8,5.8,38.2,,53.7,5.5,2.3,0.3,40.7,13.4,5.49,74.0,24.4,32.9,435.0,,,,,,,,,,,,,,,,,,,,,,,,,,,,,,,,,,,,,,,,,,,
rhesus,17,10328,2021-08-13,open access,sedated,7.4,3.9,116.0,134.0,73.0,95.0,0.15,57.0,14.6,0.7,3.3,148.0,111.0,,4.6,,138.0,,119.0,,,,,1.6,4.5,46.6,,46.0,5.0,2.1,0.3,34.5,11.7,4.42,78.0,26.4,33.8,366.0,,,,,,,,,,,,,,,,,,,,,,,,,,,,,,,,,,,,,,,,,,,
rhesus,17,10326,2021-08-10,open access,sedated,7.4,4.4,135.0,34.0,44.0,63.0,0.11,79.0,14.0,0.8,3.3,145.0,108.0,,3.8,,131.0,,29.0,,,,,1.7,4.5,35.9,,55.1,6.4,2.1,0.5,41.5,13.5,5.37,77.0,25.1,32.5,326.0,,,,,,,,,,,,,,,,,,,,,,,,,,,,,,,,,,,,,,,,,,,
rhesus,17,10325,2021-08-10,open access,sedated,7.2,4.3,115.0,33.0,47.0,62.0,0.14,60.0,14.4,0.7,3.9,143.0,102.0,,5.3,,145.0,,44.0,,,,,1.7,6.3,41.8,,48.9,6.6,2.2,0.5,39.3,13.0,5.34,74.0,24.3,33.0,378.0,,,,,,,,,,,,,,,,,,,,,,,,,,,,,,,,,,,,,,,,,,,
rhesus,17,10329,2021-08-13,open access,sedated,7.4,4.2,77.0,27.0,35.0,41.0,0.14,85.0,13.9,0.5,3.4,146.0,108.0,,5.1,,209.0,,99.0,,,,,1.5,3.6,65.7,,27.1,4.8,1.4,1.0,37.7,12.3,5.39,70.0,22.8,32.7,348.0,,,,,,,,,,,,,,,,,,,,,,,,,,,,,,,,,,,,,,,,,,,
rhesus,17,10319,2021-08-10,open access,sedated,7.4,4.1,152.0,70.0,50.0,69.0,0.15,51.0,15.2,0.6,3.4,145.0,106.0,,5.3,,123.0,,85.0,,,,,1.8,11.5,44.2,,49.2,5.1,0.8,0.7,41.2,13.5,5.61,74.0,24.0,32.7,398.0,,,,,,,,,,,,,,,,,,,,,,,,,,,,,,,,,,,,,,,,,,,
rhesus,17,10324,2021-08-10,open access,sedated,7.4,4.2,95.0,59.0,54.0,54.0,0.14,83.0,14.8,0.5,3.8,142.0,102.0,,6.5,,175.0,,208.0,,,,,2.0,11.2,49.0,,43.2,5.9,1.2,0.7,39.4,12.8,5.3,74.0,24.1,32.5,695.0,,,,,,,,,,,,,,,,,,,,,,,,,,,,,,,,,,,,,,,,,,,
rhesus,17,10321,2021-08-13,open access,sedated,7.1,4.6,208.0,33.0,44.0,81.0,0.1,80.0,57.7,0.9,3.6,141.0,102.0,,5,,137.0,,57.0,,,,,2.0,5.1,22.0,,71.2,5.6,0.9,0.3,41.1,13.7,5.24,78.0,26.1,33.3,373.0,,,,,,,,,,,,,,,,,,,,,,,,,,,,,,,,,,,,,,,,,,,
rhesus,17,10330,2021-08-13,open access,sedated,7.8,4.2,122.0,62.0,47.0,54.0,0.06,79.0,12.9,0.6,3.5,144.0,105.0,,4.9,,178.0,,54.0,,,,,1.9,4.3,44.8,,47.6,6.3,1.1,0.2,40.0,13.1,5.48,73.0,23.9,32.7,362.0,,,,,,,,,,,,,,,,,,,,,,,,,,,,,,,,,,,,,,,,,,,
rhesus,17,10322,2021-08-13,open access,sedated,6.6,4.4,416.0,32.0,41.0,70.0,0.12,70.0,18.1,0.6,3.7,143.0,107.0,,6.2,,114.0,,50.0,,,,,1.6,6.8,32.3,,62.4,3.8,1.0,0.5,38.5,12.6,5.42,71.0,23.3,32.9,406.0,,,,,,,,,,,,,,,,,,,,,,,,,,,,,,,,,,,,,,,,,,,
rhesus,18,10335,2021-05-10,open access,awake,7.4,4.6,118.0,28.0,59.0,61.0,0.2,47.0,18.3,0.6,4.1,143.0,100.0,,5.2,,149.0,,53.0,,,,,1.3,10.2,45.7,,47.7,4.8,1.1,0.7,40.2,13.2,5.28,76.0,25.0,32.9,422.0,,,,,,,,,,,,,,,,,,,,,,,,,,,,,,,,,,,,,,,,,,,
rhesus,18,10333,2021-05-10,open access,awake,7.5,4.1,124.0,30.0,42.0,58.0,0.1,48.0,13.7,0.4,4.2,145.0,108.0,,4.5,,222.0,,189.0,,,,,1.6,8.4,38.3,,52.7,6.8,1.4,0.8,38.7,12.6,5.28,73.0,23.9,32.6,503.0,,,,,,,,,,,,,,,,,,,,,,,,,,,,,,,,,,,,,,,,,,,
rhesus,18,10338,2021-05-10,open access,awake,7.5,4.3,274.0,45.0,64.0,63.0,0.2,73.0,15.0,0.5,3.4,143.0,102.0,,5,,282.0,,196.0,,,,,1.3,4.2,21.6,,70.9,6.5,0.7,0.3,35.1,11.6,4.43,79.0,26.2,33.1,307.0,,,,,,,,,,,,,,,,,,,,,,,,,,,,,,,,,,,,,,,,,,,
rhesus,18,10332,2021-05-10,open access,awake,7.2,4.6,133.0,42.0,42.0,56.0,0.1,62.0,19.1,0.5,3.6,146.0,109.0,,4.8,,203.0,,29.0,,,,,1.3,7.8,32.2,,60.1,5.7,1.4,0.6,36.3,11.8,5.14,71.0,22.9,32.4,334.0,,,,,,,,,,,,,,,,,,,,,,,,,,,,,,,,,,,,,,,,,,,
rhesus,18,10341,2021-05-10,open access,awake,7.7,4.9,294.0,26.0,49.0,104.0,0.2,50.0,19.6,0.8,4.1,145.0,103.0,,5.6,,126.0,,83.0,,,,,1.5,8.0,47.2,,43.9,6.8,1.6,0.5,40.8,13.7,5.46,75.0,25.0,33.4,281.0,,,,,,,,,,,,,,,,,,,,,,,,,,,,,,,,,,,,,,,,,,,
rhesus,18,10340,2021-05-10,open access,awake,6.9,4.1,162.0,23.0,33.0,48.0,0.2,54.0,17.0,0.5,3.9,143.0,106.0,,5.6,,172.0,,66.0,,,,,1.3,5.1,28.4,,65.5,4.8,0.9,0.4,36.6,11.9,5.15,71.0,23.1,32.5,366.0,,,,,,,,,,,,,,,,,,,,,,,,,,,,,,,,,,,,,,,,,,,
rhesus,18,10334,2021-05-10,open access,awake,7.5,4.5,158.0,34.0,42.0,59.0,0.1,56.0,15.5,0.4,4.4,146.0,110.0,,4.3,,178.0,,42.0,,,,,1.4,8.3,34.4,,57.5,6.7,0.6,0.8,37.2,12.0,4.94,75.0,24.3,32.2,400.0,,,,,,,,,,,,,,,,,,,,,,,,,,,,,,,,,,,,,,,,,,,
rhesus,18,10337,2021-05-10,open access,awake,8.2,4.7,285.0,27.0,51.0,66.0,0.1,46.0,16.0,0.8,4.1,145.0,104.0,,4.8,,146.0,,381.0,,,,,1.4,9.3,47.5,,38.3,12.5,1.2,0.5,38.5,12.5,5.19,74.0,24.2,32.6,414.0,,,,,,,,,,,,,,,,,,,,,,,,,,,,,,,,,,,,,,,,,,,
rhesus,18,10342,2021-05-10,open access,awake,7.6,4.4,269.0,30.0,57.0,75.0,0.2,51.0,21.9,0.8,4.3,144.0,106.0,,5.4,,209.0,,150.0,,,,,1.5,7.7,28.9,,59.8,8.0,2.6,0.7,41.3,13.4,5.78,71.0,23.2,32.5,320.0,,,,,,,,,,,,,,,,,,,,,,,,,,,,,,,,,,,,,,,,,,,
rhesus,18,10336,2021-05-10,open access,awake,7.3,4.0,103.0,62.0,60.0,65.0,0.2,58.0,16.2,0.5,3.9,145.0,105.0,,4.8,,174.0,,90.0,,,,,1.6,14.5,44.1,,45.0,8.2,1.8,0.9,44.8,14.5,6.09,74.0,23.9,32.4,351.0,,,,,,,,,,,,,,,,,,,,,,,,,,,,,,,,,,,,,,,,,,,
rhesus,18,10339,2021-05-10,open access,awake,7.3,4.1,146.0,32.0,33.0,49.0,0.1,50.0,17.5,0.5,4.1,145.0,109.0,,3.7,,207.0,,58.0,,,,,1.2,7.4,41.7,,48.3,7.8,1.7,0.5,37.9,12.4,5.05,75.0,24.7,32.8,472.0,,,,,,,,,,,,,,,,,,,,,,,,,,,,,,,,,,,,,,,,,,,
rhesus,18,10331,2021-05-10,open access,awake,7.3,4.2,142.0,41.0,42.0,46.0,0.1,74.0,17.2,0.6,4.2,144.0,106.0,,5.3,,150.0,,56.0,,,,,1.4,7.5,34.3,,60.2,3.6,1.3,0.6,36.7,11.9,4.89,75.0,24.3,32.4,525.0,,,,,,,,,,,,,,,,,,,,,,,,,,,,,,,,,,,,,,,,,,,
rhesus,19,10344,2022-09-07,open access,sedated,7.4,4.3,156.0,24.0,37.0,,,67.0,14.8,0.7,3.6,144.0,,,,,,,,,,,,,8.7,54.4,,38.8,4.6,1.7,0.5,37.8,12.4,5.14,74.0,24.0,32.7,442.0,,,,,,,,,,,,,,,,,,,,,,,,,,,,,,,,,,,,,,,,,,,
rhesus,19,10347,2022-09-07,open access,sedated,7.2,4.3,181.0,30.0,34.0,,,63.0,15.3,0.7,3.3,144.0,,,,,,,,,,,,,7.7,48.2,,45.8,3.8,1.4,0.8,44.1,14.4,5.88,75.0,24.6,32.8,438.0,,,,,,,,,,,,,,,,,,,,,,,,,,,,,,,,,,,,,,,,,,,
rhesus,19,10346,2022-09-07,open access,sedated,6.9,4.4,136.0,19.0,23.0,63.0,0.1,71.0,39.6,1.4,3.5,147.0,109.0,,4.2,,120.0,,58.0,,,,,1.7,7.6,61.3,,34.8,2.7,1.0,0.2,37.5,12.1,5.06,74.0,23.9,32.4,391.0,,,,,,,,,,,,,,,,,,,,,,,,,,,,,,,,,,,,,,,,,,,
rhesus,19,10343,2022-09-07,open access,sedated,7.1,4.1,122.0,34.0,36.0,,,53.0,15.2,0.8,3.2,144.0,,,,,,,,,,,,,6.7,38.4,,55.3,4.2,1.5,0.6,41.7,13.4,5.41,77.0,24.9,32.2,282.0,,,,,,,,,,,,,,,,,,,,,,,,,,,,,,,,,,,,,,,,,,,
rhesus,19,10349,2022-09-07,open access,sedated,7.4,4.7,134.0,33.0,28.0,,,62.0,24.9,1.5,4.1,144.0,,,,,,,,,,,,,,,,,,,,,,,,,,,,,,,,,,,,,,,,,,,,,,,,,,,,,,,,,,,,,,,,,,,,,
rhesus,19,10345,2022-09-07,open access,sedated,7.1,4.6,95.0,29.0,34.0,,,51.0,28.6,1.3,3.7,146.0,,,,,,,,,,,,,7.6,57.4,,36.4,4.5,1.5,0.2,38.2,12.4,4.99,76.0,24.8,32.5,148.0,,,,,,,,,,,,,,,,,,,,,,,,,,,,,,,,,,,,,,,,,,,
rhesus,19,10348,2022-09-07,open access,sedated,6.8,4.2,177.0,34.0,25.0,,,52.0,22.4,0.9,3.0,145.0,,,,,,,,,,,,,8.5,32.8,,61.0,3.8,1.9,0.5,36.7,11.8,4.77,77.0,24.7,32.2,237.0,,,,,,,,,,,,,,,,,,,,,,,,,,,,,,,,,,,,,,,,,,,
